,beds,baths,size,zip_code,price
0,3,2.5,2590.0,98144,795000.0
1,4,2.0,2240.0,98106,915000.0
2,4,3.0,2040.0,98107,950000.0
3,4,3.0,3800.0,98199,1950000.0
4,2,2.0,1042.0,98102,950000.0
5,2,2.0,1190.0,98107,740000.0
6,1,1.0,670.0,98133,460000.0
7,5,3.5,4510.0,98105,3150000.0
8,3,2.5,1520.0,98108,565000.0
9,4,2.0,2340.0,98178,699000.0
10,3,2.0,1320.0,98103,899000.0
11,3,2.0,1800.0,98177,1050000.0
12,3,2.5,2490.0,98103,935625.0
13,4,3.0,2650.0,98115,1511000.0
14,5,1.5,2560.0,98199,1330000.0
15,2,1.5,900.0,98133,549755.0
16,3,3.5,1360.0,98103,700000.0
17,1,1.0,550.0,98122,330000.0
18,3,2.5,2974.0,98119,1750000.0
19,4,3.5,1989.0,98117,980000.0
20,2,2.0,1332.0,98199,845000.0
21,4,3.0,2668.0,98116,1213000.0
22,2,1.0,770.0,98133,530000.0
23,3,1.5,1280.0,98146,625000.0
24,5,3.5,3200.0,98133,1275000.0
25,2,1.5,889.0,98103,680000.0
26,1,1.0,508.0,98109,325000.0
27,3,2.0,3140.0,98117,1219700.0
28,4,2.0,2000.0,98125,907200.0
29,1,1.0,792.0,98101,517000.0
30,3,2.5,1690.0,98108,760000.0
31,4,5.5,3000.0,98126,1484000.0
32,3,3.0,1550.0,98115,950000.0
33,2,2.0,871.0,98119,430000.0
34,4,1.5,1940.0,98118,520000.0
35,1,1.0,474.0,98101,335000.0
36,3,2.0,1770.0,98146,805000.0
37,5,5.0,2510.0,98133,1000000.0
38,1,1.0,750.0,98199,375000.0
39,1,1.0,573.0,98102,390000.0
40,3,2.5,1500.0,98103,1070000.0
41,5,4.0,2920.0,98133,948000.0
42,3,2.0,2817.0,98103,912000.0
43,1,1.0,617.0,98109,480000.0
44,2,2.0,1280.0,98112,776000.0
45,2,2.0,1523.0,98121,1395000.0
46,2,1.0,1240.0,98126,750000.0
47,4,2.5,2280.0,98106,1065000.0
48,5,3.5,3590.0,98136,2350000.0
49,4,3.5,2478.0,98115,1580000.0
50,3,3.0,2360.0,98117,1775000.0
51,2,1.0,720.0,98177,600000.0
52,3,2.0,2480.0,98126,800000.0
53,3,2.0,1550.0,98199,1100000.0
54,2,1.0,780.0,98103,750000.0
55,5,3.0,2820.0,98136,865000.0
56,5,3.0,2900.0,98112,1450000.0
57,2,2.0,1092.0,98122,829000.0
58,3,2.0,1731.0,98125,575000.0
59,3,2.5,1500.0,98105,860000.0
60,2,2.5,1344.0,98122,770000.0
61,4,5.5,4040.0,98105,5495000.0
62,5,3.0,2320.0,98168,560000.0
63,5,3.0,2820.0,98136,900000.0
64,3,1.0,1070.0,98117,575000.0
65,2,1.0,1113.0,98102,595000.0
66,4,2.0,2100.0,98117,950000.0
67,3,2.5,2620.0,98119,1300000.0
68,3,2.0,1270.0,98103,727000.0
69,3,2.0,2702.0,98103,1605000.0
70,4,3.5,2031.0,98117,1480000.0
71,3,2.0,2350.0,98178,888000.0
72,4,1.5,2640.0,98115,1850000.0
73,3,1.5,1340.0,98106,615000.0
74,6,3.5,8660.0,98102,4100000.0
75,2,2.5,1365.0,98118,525000.0
76,1,1.0,635.0,98104,509950.0
77,3,1.0,1800.0,98168,549000.0
78,2,1.0,870.0,98118,555000.0
79,3,3.5,1510.0,98103,660000.0
80,3,1.0,1120.0,98106,615000.0
81,4,2.5,2580.0,98146,1635000.0
82,2,2.0,875.0,98115,420000.0
83,3,4.0,2220.0,98109,1650000.0
84,1,1.0,607.0,98119,427000.0
85,3,2.0,1496.0,98144,910000.0
86,4,3.5,2670.0,98118,1022700.0
87,2,1.5,1810.0,98115,925000.0
88,1,1.0,582.0,98109,360000.0
89,2,2.0,1006.0,98121,928000.0
90,3,5.5,1530.0,98103,635000.0
91,2,1.0,820.0,98118,490000.0
92,3,2.0,1960.0,98105,950000.0
93,4,3.0,2110.0,98133,760000.0
94,4,3.5,3010.0,98106,985000.0
95,3,1.0,2200.0,98105,1250000.0
96,3,2.5,1820.0,98118,690000.0
97,4,4.0,3040.0,98119,1585000.0
98,3,2.0,1800.0,98118,936000.0
99,1,1.0,800.0,98122,450000.0
100,3,3.0,1450.0,98117,750000.0
101,1,1.0,756.0,98121,550000.0
102,1,1.0,742.0,98126,354000.0
103,4,2.0,2400.0,98119,1385000.0
104,2,2.0,1607.0,98101,1865000.0
105,4,3.5,3057.0,98117,1800000.0
106,1,1.0,649.0,98105,346600.0
107,4,4.0,3142.0,98119,1600000.0
108,3,1.0,1050.0,98106,399950.0
109,3,2.0,1720.0,98199,855000.0
110,3,3.5,2650.0,98136,1095000.0
111,2,1.5,2680.0,98102,1125000.0
112,4,2.5,2550.0,98115,1560000.0
113,9,4.0,3800.0,98116,1343000.0
114,2,2.0,1320.0,98125,525000.0
115,4,2.0,1910.0,98168,630000.0
116,2,1.0,773.0,98133,360000.0
117,1,1.0,589.0,98121,375000.0
118,1,1.0,510.0,98102,302500.0
119,4,3.5,2661.0,98108,1165000.0
120,2,2.0,843.0,98103,346250.0
121,4,3.0,2250.0,98115,1150000.0
122,4,1.5,2080.0,98116,950000.0
123,3,3.5,1370.0,98117,699500.0
124,1,1.0,699.0,98115,335000.0
125,2,3.0,1840.0,98125,800000.0
126,4,3.5,3040.0,98177,1495000.0
127,2,1.0,858.0,98144,500000.0
128,5,8.5,3110.0,98115,1606500.0
129,2,2.0,1147.0,98115,749950.0
130,2,1.0,868.0,98144,415000.0
131,2,2.5,1538.0,98105,895000.0
132,2,1.0,1480.0,98126,720000.0
133,2,2.0,932.0,98103,435000.0
134,2,2.0,981.0,98133,450000.0
135,2,2.0,866.0,98107,555000.0
136,4,3.5,2000.0,98115,870000.0
137,3,3.5,1470.0,98117,845000.0
138,2,2.0,1840.0,98122,1200000.0
139,4,2.0,2230.0,98125,925000.0
140,2,1.5,1290.0,98115,795000.0
141,3,2.5,1670.0,98178,600000.0
142,1,1.0,630.0,98146,459000.0
143,3,2.0,1880.0,98144,911000.0
144,2,2.0,1188.0,98102,1350000.0
145,2,1.5,1300.0,98133,570288.0
146,1,1.0,857.0,98121,529000.0
147,2,2.0,1071.0,98119,605000.0
148,5,4.0,2810.0,98103,1295000.0
149,4,2.5,2400.0,98109,1595000.0
150,3,3.5,1670.0,98178,600000.0
151,3,2.5,2734.0,98109,1605200.0
152,3,2.5,1670.0,98117,865000.0
153,3,3.0,1530.0,98126,745000.0
154,4,1.0,1720.0,98122,543750.0
155,3,1.0,1200.0,98105,1099950.0
156,5,3.0,2030.0,98144,905000.0
157,3,2.0,2370.0,98126,1200000.0
158,3,1.5,1720.0,98117,825000.0
159,1,1.0,813.0,98121,680000.0
160,3,2.0,1590.0,98106,720000.0
161,1,1.0,626.0,98122,389200.0
162,2,1.0,840.0,98108,489000.0
163,2,2.0,1030.0,98122,575000.0
164,5,2.5,2870.0,98168,520000.0
165,1,1.0,792.0,98121,675000.0
166,2,1.5,994.0,98106,580000.0
167,3,2.0,1630.0,98168,630000.0
168,3,1.5,1172.0,98122,685000.0
169,3,2.0,1806.0,98126,799000.0
170,4,2.5,3060.0,98115,1450000.0
171,5,3.5,3820.0,98118,1350000.0
172,2,2.0,1328.0,98104,510000.0
173,3,2.5,2350.0,98115,1582800.0
174,3,2.5,2080.0,98117,977000.0
175,3,1.0,1000.0,98118,710000.0
176,2,1.5,1131.0,98144,685000.0
177,4,3.0,2230.0,98178,1205000.0
178,5,3.0,3130.0,98122,2095000.0
179,5,3.0,3750.0,98107,1580000.0
180,2,2.0,1080.0,98144,450000.0
181,2,2.0,1720.0,98116,985000.0
182,1,1.0,854.0,98107,455000.0
183,3,2.0,1286.0,98136,738000.0
184,2,1.5,1230.0,98122,650000.0
185,2,1.0,1422.0,98117,715000.0
186,4,3.5,3956.0,98125,3200000.0
187,6,5.0,3620.0,98119,1420000.0
188,3,1.5,1370.0,98178,659950.0
189,1,1.0,700.0,98144,325100.0
190,2,3.0,1824.0,98101,2458000.0
191,1,1.0,956.0,98104,870000.0
192,4,2.0,2370.0,98115,1350000.0
193,4,2.5,2200.0,98106,825000.0
194,6,3.0,3020.0,98178,775000.0
195,5,3.0,3400.0,98168,756500.0
196,3,1.0,1660.0,98115,749900.0
197,4,2.0,2080.0,98178,675000.0
198,2,1.5,917.0,98103,625000.0
199,2,1.0,900.0,98126,480000.0
200,4,4.5,3960.0,98144,2485000.0
201,1,1.0,889.0,98121,723000.0
202,5,3.5,3310.0,98115,1575000.0
203,1,1.0,621.0,98133,289900.0
204,3,3.5,1467.0,98144,859990.0
205,4,2.0,1910.0,98106,685000.0
206,3,2.5,1563.0,98118,839950.0
207,5,3.5,3340.0,98106,980000.0
208,4,3.0,2390.0,98119,1300000.0
209,2,1.5,1131.0,98144,670000.0
210,2,2.0,1201.0,98103,699950.0
211,3,3.0,1940.0,98199,450000.0
212,1,1.0,519.0,98105,354000.0
213,2,1.0,1760.0,98116,715000.0
214,4,3.0,1680.0,98117,905000.0
215,2,2.0,1192.0,98103,719950.0
216,4,4.0,2300.0,98105,1440000.0
217,3,2.5,2304.0,98117,1100000.0
218,4,4.0,2650.0,98103,1000000.0
219,5,4.0,4210.0,98105,2625000.0
220,4,3.0,2840.0,98177,1350000.0
221,2,1.0,980.0,98107,863000.0
222,4,4.5,2440.0,98105,1900000.0
223,2,2.0,1140.0,98117,590000.0
224,4,3.5,1824.0,98103,1299000.0
225,2,2.0,1115.0,98121,1069000.0
226,4,3.0,2478.0,98105,2095000.0
227,2,2.0,1140.0,98133,665000.0
228,3,1.5,1172.0,98122,685000.0
229,2,2.0,1433.0,98136,750000.0
230,3,2.0,1520.0,98117,760000.0
231,3,2.5,1380.0,98106,590000.0
232,15,6.0,11010.0,98112,3700000.0
233,4,2.0,1750.0,98105,1025000.0
234,3,2.5,3590.0,98103,1725000.0
235,1,1.0,646.0,98133,332000.0
236,5,3.0,2040.0,98118,605000.0
237,2,2.0,1560.0,98115,980000.0
238,2,2.5,1088.0,98107,835000.0
239,2,1.0,1460.0,98115,400000.0
240,3,2.0,1380.0,98117,800000.0
241,2,1.0,1000.0,98116,793000.0
242,2,2.0,1128.0,98144,625000.0
243,1,1.0,776.0,98116,515000.0
244,3,2.5,2000.0,98106,799000.0
245,3,2.0,2029.0,98115,685000.0
246,4,5.5,2867.0,98115,1750000.0
247,4,3.0,1180.0,98117,956300.0
248,3,2.0,1920.0,98199,1067000.0
249,2,2.0,2220.0,98126,551000.0
250,2,3.0,1300.0,98107,780000.0
251,1,1.0,596.0,98109,445000.0
252,3,2.0,1460.0,98106,583000.0
253,3,2.5,2500.0,98117,1685000.0
254,3,2.5,1540.0,98122,852500.0
255,5,3.0,2550.0,98106,940000.0
256,2,2.0,1018.0,98199,545000.0
257,3,2.5,1520.0,98106,540700.0
258,1,1.0,640.0,98104,345000.0
259,4,3.0,2190.0,98126,860000.0
260,2,1.0,930.0,98133,620000.0
261,5,2.5,2900.0,98106,800000.0
262,4,3.5,2780.0,98112,950000.0
263,3,1.0,2560.0,98125,776000.0
264,1,1.0,613.0,98122,325000.0
265,3,2.5,1566.0,98122,875000.0
266,2,2.0,1245.0,98168,330000.0
267,3,2.5,1190.0,98144,750000.0
268,5,2.5,2760.0,98126,1025000.0
269,4,1.5,3260.0,98199,1695000.0
270,4,3.0,2380.0,98115,1399999.0
271,2,2.5,1884.0,98116,925000.0
272,3,2.5,1712.0,98117,910000.0
273,2,2.0,1196.0,98107,734999.0
274,3,2.0,1098.0,98105,864950.0
275,3,3.0,1250.0,98117,815000.0
276,1,1.0,880.0,98122,700000.0
277,2,1.5,822.0,98144,400000.0
278,4,2.0,1595.0,98118,525000.0
279,3,3.0,2380.0,98136,1230000.0
280,3,2.0,3190.0,98112,2700000.0
281,3,2.5,1465.0,98119,1175000.0
282,4,2.0,2910.0,98115,1400000.0
283,2,3.0,1140.0,98144,675000.0
284,1,1.0,500.0,98168,385000.0
285,3,2.0,1580.0,98126,942000.0
286,1,1.0,683.0,98121,601000.0
287,5,3.0,2430.0,98133,915000.0
288,2,2.0,1128.0,98136,479950.0
289,2,2.0,2360.0,98199,1460000.0
290,3,2.5,1396.0,98136,780000.0
291,1,1.0,615.0,98102,485000.0
292,4,2.0,2340.0,98115,925000.0
293,4,1.5,2140.0,98125,700500.0
294,4,3.0,2980.0,98105,1090000.0
295,3,1.5,1390.0,98168,412000.0
296,2,1.0,720.0,98106,525000.0
297,1,1.0,712.0,98133,325000.0
298,4,2.5,1850.0,98108,945000.0
299,3,4.5,1710.0,98126,725000.0
300,2,1.0,970.0,98106,386000.0
301,3,2.0,1606.0,98109,1450000.0
302,3,2.5,1815.0,98103,1295000.0
303,2,1.0,1120.0,98122,700000.0
304,4,2.0,2220.0,98177,995000.0
305,1,1.0,570.0,98116,345000.0
306,3,2.0,1460.0,98117,888000.0
307,5,3.0,3820.0,98116,1575000.0
308,3,3.5,2480.0,98119,1795000.0
309,5,3.0,2777.0,98125,1338600.0
310,2,2.0,1170.0,98144,624999.0
311,1,1.0,587.0,98125,260000.0
312,3,1.0,1430.0,98103,980000.0
313,2,5.5,1320.0,98144,679950.0
314,2,2.0,2170.0,98116,893000.0
315,1,1.0,635.0,98102,495000.0
316,3,1.5,1630.0,98115,895000.0
317,2,2.0,1900.0,98122,1310000.0
318,3,2.0,1760.0,98106,689000.0
319,3,2.5,1712.0,98107,970000.0
320,4,2.5,3190.0,98102,1820000.0
321,4,3.5,3590.0,98109,2900000.0
322,1,1.0,630.0,98133,255000.0
323,2,2.0,1150.0,98121,615000.0
324,5,2.0,1830.0,98118,665000.0
325,2,1.0,760.0,98144,250000.0
326,3,2.5,2600.0,98117,1148000.0
327,3,2.0,2130.0,98107,990200.0
328,3,3.5,2899.0,98199,1800000.0
329,3,1.0,1090.0,98178,400000.0
330,4,4.0,3360.0,98107,1200000.0
331,4,2.5,2240.0,98117,1050000.0
332,2,1.0,886.0,98112,620000.0
333,3,2.0,1560.0,98106,799000.0
334,4,2.0,1730.0,98146,852000.0
335,3,2.0,1700.0,98115,1150000.0
336,4,3.5,1909.0,98103,1500000.0
337,3,2.0,2180.0,98117,1012000.0
338,1,1.0,681.0,98105,470000.0
339,3,3.0,1460.0,98144,1000000.0
340,1,1.0,704.0,98119,365000.0
341,2,1.0,1010.0,98125,549950.0
342,2,2.5,1635.0,98102,1850000.0
343,2,1.5,1022.0,98144,655000.0
344,3,1.0,990.0,98146,635000.0
345,2,2.0,1164.0,98117,706474.0
346,1,1.0,583.0,98119,349000.0
347,2,1.5,888.0,98103,700000.0
348,4,2.0,2740.0,98119,1400000.0
349,3,2.0,1670.0,98118,485000.0
350,3,1.0,830.0,98125,660000.0
351,2,2.0,1200.0,98122,705000.0
352,3,3.5,2530.0,98102,1299000.0
353,4,3.0,2660.0,98117,1360000.0
354,4,2.0,2820.0,98117,1441000.0
355,2,1.0,1011.0,98103,159488.0
356,2,1.5,1088.0,98106,590000.0
357,6,3.5,3785.0,98117,3150000.0
358,3,2.0,1540.0,98144,630000.0
359,2,1.5,1180.0,98168,575000.0
360,3,3.5,1968.0,98199,980000.0
361,1,1.0,610.0,98119,340000.0
362,2,2.0,1346.0,98116,800000.0
363,2,2.5,1320.0,98133,570000.0
364,3,3.5,3064.0,98121,2450000.0
365,3,2.0,2980.0,98115,1415000.0
366,4,3.5,3050.0,98102,2250000.0
367,3,2.0,2020.0,98133,917500.0
368,3,2.5,1926.0,98122,1148000.0
369,2,1.0,1330.0,98125,479000.0
370,3,2.0,2410.0,98199,1083000.0
371,2,2.5,1580.0,98106,699000.0
372,3,1.0,1030.0,98105,710000.0
373,3,3.0,1630.0,98168,615000.0
374,4,2.5,2370.0,98146,750000.0
375,1,1.0,783.0,98101,530000.0
376,4,1.0,1310.0,98146,735000.0
377,3,2.0,1996.0,98117,986500.0
378,3,2.0,1580.0,98126,820000.0
379,1,1.0,781.0,98122,481000.0
380,2,2.0,1517.0,98105,1350000.0
381,4,2.0,2360.0,98115,950000.0
382,3,2.0,1496.0,98144,824500.0
383,2,2.5,1250.0,98117,725000.0
384,2,2.0,1810.0,98119,1350000.0
385,1,1.0,531.0,98121,489000.0
386,4,2.5,2380.0,98105,1900000.0
387,2,2.0,1095.0,98177,599950.0
388,2,2.0,1080.0,98106,533500.0
389,2,2.0,1146.0,98112,845000.0
390,4,2.5,1544.0,98117,850000.0
391,1,1.0,707.0,98122,590000.0
392,4,3.0,2067.0,98122,1074900.0
393,4,3.0,2360.0,98115,1360000.0
394,2,2.0,724.0,98103,430000.0
395,2,2.5,1649.0,98118,765000.0
396,5,2.5,2180.0,98118,1009975.0
397,3,2.0,1960.0,98199,955000.0
398,1,1.0,727.0,98103,445000.0
399,3,2.0,1209.0,98116,725000.0
400,1,1.0,650.0,98116,349000.0
401,5,3.0,3070.0,98117,1450000.0
402,4,2.5,2130.0,98136,960000.0
403,4,2.5,2220.0,98144,1235000.0
404,4,3.0,2288.0,98126,1105000.0
405,2,2.0,1370.0,98121,1050000.0
406,5,3.0,3120.0,98178,795000.0
407,4,2.5,2180.0,98115,1275000.0
408,3,2.0,1590.0,98146,560000.0
409,3,1.5,2220.0,98115,930000.0
410,1,1.0,813.0,98178,240000.0
411,1,1.0,574.0,98109,280000.0
412,4,2.0,2480.0,98122,825000.0
413,4,3.0,3320.0,98116,750000.0
414,2,1.0,1720.0,98118,575000.0
415,3,2.0,2050.0,98109,1265000.0
416,4,3.0,2370.0,98115,1830000.0
417,4,5.0,3660.0,98118,2695000.0
418,3,3.5,1670.0,98107,1115000.0
419,2,3.5,990.0,98178,405000.0
420,3,3.0,3120.0,98199,1350000.0
421,3,2.0,2260.0,98199,1300000.0
422,2,1.0,650.0,98103,708888.0
423,3,3.5,1540.0,98126,699950.0
424,3,3.5,1980.0,98144,1055000.0
425,3,1.0,2160.0,98115,920000.0
426,4,2.5,3080.0,98117,1650000.0
427,2,3.0,1740.0,98105,1395000.0
428,3,2.0,1900.0,98112,1766000.0
429,9,5.0,3940.0,98133,1089000.0
430,2,1.5,1366.0,98116,839000.0
431,4,1.5,1920.0,98125,850000.0
432,1,1.0,715.0,98115,515000.0
433,3,2.5,1610.0,98107,895000.0
434,6,4.0,2960.0,98199,1050000.0
435,4,2.0,1810.0,98117,945000.0
436,2,2.0,1125.0,98102,705000.0
437,2,2.0,1893.0,98115,727000.0
438,3,2.0,1096.0,98117,875000.0
439,3,4.5,3760.0,98199,1570000.0
440,4,2.5,2720.0,98136,1315000.0
441,2,2.0,1510.0,98105,915000.0
442,2,2.0,1350.0,98119,1035000.0
443,4,3.5,2980.0,98112,2400000.0
444,2,2.0,1443.0,98168,325000.0
445,2,2.0,1170.0,98115,428000.0
446,5,2.0,2260.0,98117,865000.0
447,3,2.0,1990.0,98146,730000.0
448,2,1.5,1555.0,98122,677500.0
449,3,2.0,2350.0,98122,1140000.0
450,2,1.0,1440.0,98125,699950.0
451,1,1.0,627.0,98107,429000.0
452,1,1.0,551.0,98121,410000.0
453,2,1.0,770.0,98126,560000.0
454,3,2.5,1570.0,98103,700000.0
455,1,1.0,699.0,98199,390000.0
456,3,3.0,2650.0,98105,1600000.0
457,2,1.5,1070.0,98103,850000.0
458,3,0.5,1941.0,98103,892700.0
459,3,2.5,2030.0,98115,1439000.0
460,2,1.0,1620.0,98178,619000.0
461,2,2.5,1400.0,98103,850000.0
462,3,2.0,2354.0,98115,938000.0
463,2,3.5,1155.0,98118,219700.0
464,3,1.0,1340.0,98177,785000.0
465,2,1.0,903.0,98146,363500.0
466,3,1.5,1220.0,98103,599000.0
467,2,1.0,1250.0,98118,500000.0
468,2,2.0,1040.0,98133,625000.0
469,2,1.0,1660.0,98109,850000.0
470,1,1.0,744.0,98115,345000.0
471,2,1.5,805.0,98107,500000.0
472,3,1.0,1060.0,98117,1125000.0
473,5,3.5,3160.0,98112,2300000.0
474,3,3.0,1120.0,98168,525000.0
475,4,2.5,1881.0,98133,870000.0
476,5,2.5,3460.0,98144,2425000.0
477,1,1.0,376.0,98199,1000000.0
478,2,2.0,880.0,98126,680000.0
479,1,1.0,794.0,98121,660000.0
480,3,2.0,1340.0,98103,925000.0
481,4,2.5,2560.0,98116,1712000.0
482,4,2.0,2178.0,98133,880000.0
483,2,1.0,1180.0,98122,870260.0
484,4,3.5,3220.0,98199,2195000.0
485,3,3.0,2070.0,98136,730000.0
486,3,2.5,2131.0,98119,1520000.0
487,2,3.0,970.0,98102,769900.0
488,6,3.5,2430.0,98108,870000.0
489,3,2.5,1395.0,98116,725000.0
490,3,2.5,1810.0,98125,922000.0
491,2,1.0,904.0,98122,520000.0
492,1,1.0,717.0,98109,425000.0
493,5,3.0,2170.0,98178,775000.0
494,4,3.0,3120.0,98144,1670000.0
495,3,2.0,1870.0,98136,849000.0
496,4,3.5,2285.0,98116,1500000.0
497,3,2.5,2783.0,98199,1640000.0
498,4,2.0,2540.0,98107,1280000.0
499,2,2.0,1734.0,98109,725000.0
500,2,1.0,1010.0,98125,870000.0
501,3,2.5,1420.0,98103,890000.0
502,3,1.0,1410.0,98118,475000.0
503,3,2.0,2320.0,98115,880000.0
504,1,1.0,553.0,98103,335000.0
505,3,2.0,1719.0,98103,1160000.0
506,4,2.0,2037.0,98119,1247500.0
507,1,1.0,954.0,98101,555000.0
508,2,1.5,1370.0,98115,700000.0
509,2,1.0,1480.0,98117,905000.0
510,5,4.5,3636.0,98115,2840000.0
511,3,1.5,1780.0,98126,650000.0
512,3,2.0,1094.0,98108,649995.0
513,1,1.0,830.0,98103,695000.0
514,2,2.0,834.0,98126,351000.0
515,2,1.5,1035.0,98112,656500.0
516,4,3.0,2790.0,98133,965000.0
517,2,2.0,859.0,98126,499950.0
518,4,3.5,5690.0,98112,3630000.0
519,2,1.0,772.0,98103,409000.0
520,3,1.0,1430.0,98168,499800.0
521,3,2.5,1460.0,98106,575000.0
522,3,2.5,1386.0,98107,999950.0
523,5,3.0,2310.0,98106,780000.0
524,2,1.5,1340.0,98115,675000.0
525,2,4.0,1291.0,98116,800500.0
526,3,2.5,2320.0,98116,949000.0
527,3,2.5,2150.0,98116,1360000.0
528,2,2.0,1885.0,98115,550000.0
529,3,2.0,1425.0,98117,750000.0
530,3,2.5,1810.0,98107,1000000.0
531,2,1.0,1280.0,98118,859000.0
532,3,3.0,1480.0,98117,729000.0
533,3,3.0,2110.0,98177,1270000.0
534,2,1.0,1027.0,98115,300000.0
535,1,1.0,808.0,98101,730000.0
536,3,2.5,1569.0,98107,950000.0
537,3,3.0,2247.0,98109,1725000.0
538,3,1.0,1220.0,98107,750000.0
539,2,1.0,1060.0,98103,900000.0
540,4,2.0,1920.0,98118,1210000.0
541,1,1.0,804.0,98116,425000.0
542,2,1.0,813.0,98116,452500.0
543,4,1.5,1740.0,98146,649950.0
544,3,1.5,2230.0,98117,1075000.0
545,4,2.5,2760.0,98178,640000.0
546,3,3.0,1660.0,98118,795000.0
547,3,2.5,1360.0,98112,805000.0
548,4,4.5,5200.0,98118,2600000.0
549,3,2.5,1573.0,98107,1030000.0
550,1,1.0,700.0,98101,645000.0
551,4,3.0,1700.0,98146,649000.0
552,4,3.5,2560.0,98144,1325000.0
553,3,2.0,1330.0,98122,680000.0
554,4,2.0,2180.0,98115,838000.0
555,3,2.0,1350.0,98103,785000.0
556,2,1.5,1720.0,98144,725000.0
557,4,3.5,3060.0,98136,3931000.0
558,2,2.0,954.0,98133,380000.0
559,2,2.5,1460.0,98106,599950.0
560,4,3.0,1540.0,98105,1108000.0
561,1,1.0,709.0,98109,470000.0
562,3,1.5,2560.0,98118,720000.0
563,1,1.0,534.0,98119,324000.0
564,2,2.5,1440.0,98144,875000.0
565,1,1.0,627.0,98121,462750.0
566,3,2.5,1324.0,98126,649950.0
567,2,2.0,1290.0,98125,635000.0
568,1,1.0,748.0,98122,499000.0
569,2,2.5,1830.0,98116,1730000.0
570,3,2.0,1660.0,98115,795000.0
571,3,1.0,1964.0,98168,625000.0
572,3,2.0,1460.0,98116,759000.0
573,1,1.0,683.0,98119,450500.0
574,4,2.0,2060.0,98115,812500.0
575,4,2.0,1160.0,98103,710000.0
576,3,2.0,1540.0,98144,680000.0
577,1,1.0,529.0,98118,265000.0
578,2,1.0,1860.0,98105,898000.0
579,1,1.0,648.0,98115,515000.0
580,5,4.0,4490.0,98122,1150000.0
581,6,4.0,2310.0,98108,849000.0
582,3,3.5,3130.0,98105,2350000.0
583,2,1.0,2110.0,98146,376000.0
584,3,1.5,1590.0,98108,700000.0
585,3,2.5,1280.0,98105,900000.0
586,2,1.0,840.0,98118,495000.0
587,3,2.0,2020.0,98125,950000.0
588,4,3.0,3610.0,98105,2330000.0
589,4,3.5,2336.0,98115,1080000.0
590,2,1.0,1040.0,98133,350000.0
591,1,1.0,620.0,98119,399000.0
592,1,1.0,728.0,98119,360000.0
593,3,2.5,1970.0,98103,715000.0
594,4,3.0,2190.0,98115,1490000.0
595,4,3.0,2120.0,98126,920000.0
596,2,2.0,1415.0,98125,449000.0
597,4,3.5,1835.0,98103,1299950.0
598,2,4.5,1670.0,98107,1115000.0
599,3,3.5,2570.0,98105,2000000.0
600,3,2.0,2060.0,98118,700000.0
601,3,2.5,1740.0,98102,1678000.0
602,5,3.0,2510.0,98103,910000.0
603,2,2.5,1000.0,98144,660000.0
604,3,2.0,1516.0,98116,1150000.0
605,3,1.0,940.0,98136,500000.0
606,4,2.0,2440.0,98144,1116000.0
607,5,4.0,2470.0,98118,1005000.0
608,2,2.0,1288.0,98133,755000.0
609,4,3.5,3240.0,98112,1995000.0
610,2,2.0,693.0,98119,490000.0
611,3,2.5,1550.0,98107,825000.0
612,4,2.0,2080.0,98106,750000.0
613,4,3.0,1400.0,98107,1000000.0
614,2,2.5,1159.0,98122,885000.0
615,2,1.5,901.0,98107,599000.0
616,4,3.0,2900.0,98136,1175000.0
617,4,2.5,2052.0,98178,865000.0
618,1,1.0,773.0,98121,685000.0
619,2,2.0,1040.0,98118,345000.0
620,2,2.0,2353.0,98116,1160000.0
621,2,2.0,1212.0,98136,600000.0
622,5,2.0,2640.0,98122,1000000.0
623,2,1.0,1090.0,98118,580000.0
624,5,2.5,3960.0,98199,1850000.0
625,4,1.5,3030.0,98112,1500000.0
626,4,2.5,3080.0,98168,650000.0
627,1,1.0,700.0,98119,405000.0
628,2,1.5,1276.0,98103,885000.0
629,3,1.0,910.0,98168,480000.0
630,5,3.5,4180.0,98109,3000000.0
631,1,1.0,852.0,98107,430000.0
632,5,1.5,2830.0,98118,766000.0
633,2,1.0,970.0,98116,600000.0
634,3,2.0,1576.0,98122,974999.0
635,1,1.0,667.0,98115,327500.0
636,3,2.0,1080.0,98116,875000.0
637,2,5.5,2659.0,98102,6250000.0
638,5,5.0,3623.0,98115,1975000.0
639,4,3.5,2520.0,98199,1765000.0
640,4,3.5,2720.0,98102,1750000.0
641,2,2.0,968.0,98103,715000.0
642,2,2.0,839.0,98133,385000.0
643,2,3.5,2080.0,98103,1495000.0
644,2,2.0,693.0,98119,480000.0
645,2,2.5,1365.0,98118,525000.0
646,2,1.0,1580.0,98178,500000.0
647,2,1.0,860.0,98116,750000.0
648,2,2.0,1038.0,98116,600000.0
649,4,3.0,2860.0,98103,1600000.0
650,1,1.0,557.0,98102,370000.0
651,2,2.0,1644.0,98101,2250000.0
652,5,2.0,2340.0,98106,613000.0
653,3,2.5,1810.0,98107,1000000.0
654,2,1.0,2530.0,98122,700000.0
655,3,3.5,1820.0,98122,1125000.0
656,2,1.0,648.0,98107,430000.0
657,2,2.5,1448.0,98103,1325000.0
658,2,1.0,1660.0,98125,535000.0
659,5,3.0,2970.0,98117,1225000.0
660,5,4.0,3030.0,98108,1250000.0
661,3,2.0,1400.0,98106,530000.0
662,2,1.5,900.0,98133,549755.0
663,3,2.0,2740.0,98144,1278500.0
664,2,1.0,720.0,98117,545000.0
665,4,2.5,1880.0,98117,1050000.0
666,3,2.5,1681.0,98126,650000.0
667,4,2.0,3325.0,98199,1650000.0
668,5,3.5,4397.0,98105,3400000.0
669,3,1.5,1540.0,98126,689000.0
670,3,1.0,1530.0,98146,435000.0
671,2,2.0,1015.0,98115,468000.0
672,4,3.0,2340.0,98108,780000.0
673,1,1.0,836.0,98121,605000.0
674,1,1.0,492.0,98146,205000.0
675,3,3.0,1880.0,98107,999950.0
676,2,2.0,1570.0,98103,849000.0
677,4,2.5,1806.0,98118,745000.0
678,2,2.0,1595.0,98119,945000.0
679,2,2.0,1526.0,98199,893000.0
680,3,2.5,1346.0,98107,899000.0
681,3,2.0,1600.0,98117,877500.0
682,2,2.0,1170.0,98112,655000.0
683,3,2.5,1660.0,98144,690000.0
684,1,1.0,707.0,98133,325000.0
685,3,2.0,1390.0,98116,899950.0
686,3,2.0,2900.0,98199,1305000.0
687,1,1.0,704.0,98144,519950.0
688,3,4.0,2400.0,98122,1460000.0
689,3,1.0,1120.0,98112,985000.0
690,4,2.0,1710.0,98117,1170000.0
691,3,2.0,1880.0,98122,955000.0
692,3,3.0,1454.0,98122,890955.0
693,14,5.0,3884.0,98106,1300000.0
694,3,1.5,2300.0,98107,1125000.0
695,4,3.0,2520.0,98105,1025000.0
696,4,3.0,3335.0,98115,1325000.0
697,3,2.5,2118.0,98118,837000.0
698,2,1.0,910.0,98117,825000.0
699,4,1.0,2080.0,98117,800000.0
700,2,1.0,2520.0,98122,810000.0
701,3,2.0,1560.0,98116,965000.0
702,2,1.0,1130.0,98199,1180000.0
703,1,1.0,543.0,98121,425000.0
704,1,1.0,620.0,98178,524950.0
705,3,3.0,1720.0,98177,865000.0
706,2,2.0,1015.0,98115,500000.0
707,1,1.0,530.0,98118,390800.0
708,4,2.0,1350.0,98106,700000.0
709,3,2.5,1510.0,98133,717500.0
710,1,1.5,1021.0,98101,1099900.0
711,3,1.0,1730.0,98103,900000.0
712,2,2.0,3120.0,98118,1050000.0
713,4,2.5,2172.0,98105,975000.0
714,3,3.5,1410.0,98117,740000.0
715,1,1.0,578.0,98121,379000.0
716,2,2.0,1350.0,98117,960000.0
717,2,2.0,900.0,98102,1650000.0
718,2,2.5,1865.0,98109,890000.0
719,2,2.0,1174.0,98109,779000.0
720,3,1.5,1250.0,98178,552000.0
721,5,3.0,3590.0,98117,1700000.0
722,3,2.0,1548.0,98117,850000.0
723,4,3.0,3030.0,98115,1119000.0
724,1,1.0,622.0,98103,387000.0
725,4,2.0,2245.0,98178,775000.0
726,4,3.5,2627.0,98118,1650000.0
727,4,2.5,3680.0,98118,1880000.0
728,2,1.0,2170.0,98199,950000.0
729,3,1.0,1600.0,98119,1023000.0
730,2,2.5,2803.0,98101,2320000.0
731,3,1.5,2120.0,98105,865000.0
732,3,2.5,1980.0,98146,675000.0
733,3,2.0,1370.0,98103,1270000.0
734,1,1.0,723.0,98133,315000.0
735,4,1.5,1300.0,98122,975000.0
736,3,2.0,1060.0,98106,599000.0
737,1,1.0,531.0,98121,396000.0
738,2,1.0,770.0,98106,490000.0
739,4,3.0,2470.0,98115,1180000.0
740,3,2.5,2260.0,98103,1406000.0
741,2,1.5,1120.0,98103,605000.0
742,3,3.5,1936.0,98122,1295000.0
743,2,2.5,1560.0,98117,730000.0
744,2,2.0,1020.0,98118,605000.0
745,3,2.0,1100.0,98122,645000.0
746,3,2.0,2120.0,98103,1130000.0
747,2,2.5,1400.0,98102,1062500.0
748,2,2.0,1429.0,98126,855000.0
749,3,2.5,1320.0,98117,835000.0
750,4,4.5,4790.0,98144,1750000.0
751,3,1.0,1070.0,98168,515000.0
752,2,2.5,1966.0,98103,1495000.0
753,2,2.0,1146.0,98116,675000.0
754,3,2.5,1047.0,98144,720000.0
755,2,1.5,1760.0,98144,650000.0
756,2,2.0,1030.0,98125,826500.0
757,3,2.0,1514.0,98107,915000.0
758,3,1.5,1520.0,98146,720000.0
759,4,3.5,3360.0,98136,1575000.0
760,3,2.0,1910.0,98136,725000.0
761,2,2.5,1550.0,98122,1051500.0
762,1,1.0,641.0,98122,349000.0
763,3,3.0,1190.0,98144,765000.0
764,4,2.0,2640.0,98122,700000.0
765,2,1.5,938.0,98106,425000.0
766,3,3.5,2206.0,98103,1116000.0
767,1,1.0,680.0,98104,355000.0
768,2,1.0,749.0,98103,489000.0
769,2,2.0,1353.0,98115,785000.0
770,1,1.0,250.0,98103,159000.0
771,8,4.0,3136.0,98146,1005000.0
772,2,2.0,1149.0,98115,730000.0
773,1,1.0,861.0,98126,405000.0
774,4,2.5,2050.0,98177,805000.0
775,2,2.0,1106.0,98109,700000.0
776,3,3.5,1930.0,98125,600000.0
777,4,3.0,3090.0,98168,210000.0
778,3,2.0,2437.0,98118,1275000.0
779,2,2.5,1330.0,98105,699950.0
780,3,2.0,1680.0,98136,910000.0
781,2,2.0,834.0,98115,552450.0
782,2,2.0,1112.0,98177,675000.0
783,1,1.0,626.0,98115,275000.0
784,2,1.0,1230.0,98144,326000.0
785,4,2.5,2840.0,98105,1200000.0
786,2,1.5,1115.0,98107,745000.0
787,4,2.0,2240.0,98106,750000.0
788,3,3.0,1687.0,98115,946000.0
789,4,3.0,1900.0,98103,1150000.0
790,3,3.0,1970.0,98177,1395000.0
791,3,2.5,1512.0,98144,760000.0
792,1,1.0,696.0,98122,449000.0
793,2,1.5,806.0,98106,510000.0
794,2,2.0,1319.0,98107,838000.0
795,2,1.0,2300.0,98168,525000.0
796,2,1.5,1127.0,98102,1008000.0
797,4,2.0,2280.0,98168,640000.0
798,2,2.0,1120.0,98126,789500.0
799,4,3.0,1960.0,98136,1270000.0
800,1,1.0,627.0,98101,335000.0
801,2,2.0,1228.0,98109,900000.0
802,3,2.0,1800.0,98117,1130000.0
803,1,1.0,883.0,98119,500000.0
804,4,1.0,1190.0,98106,463900.0
805,5,5.5,5770.0,98122,5000000.0
806,2,2.5,1710.0,98117,875000.0
807,2,2.0,968.0,98103,700000.0
808,2,1.0,790.0,98178,532500.0
809,1,1.0,376.0,98199,1000000.0
810,6,5.5,4510.0,98178,2202718.0
811,3,2.0,1300.0,98199,1100000.0
812,3,3.5,2106.0,98115,1266000.0
813,3,2.5,1573.0,98107,1099950.0
814,4,2.0,2870.0,98168,703500.0
815,4,3.5,4006.0,98199,2940000.0
816,2,1.0,1060.0,98108,875000.0
817,1,1.0,562.0,98199,285000.0
818,3,2.5,1610.0,98199,840000.0
819,2,3.0,1212.0,98136,600000.0
820,4,2.5,2390.0,98115,1350000.0
821,2,1.0,1080.0,98199,950000.0
822,2,1.0,1350.0,98126,850000.0
823,4,3.5,2795.0,98122,1740000.0
824,2,2.0,1369.0,98116,720000.0
825,2,1.0,970.0,98103,1075000.0
826,3,3.5,1820.0,98122,1250000.0
827,3,2.0,1770.0,98168,500000.0
828,6,4.0,3280.0,98118,999950.0
829,3,1.0,1260.0,98168,440000.0
830,4,2.5,1939.0,98107,1025000.0
831,1,1.0,610.0,98101,679950.0
832,4,3.0,2200.0,98118,874999.0
833,3,3.5,3036.0,98121,3250000.0
834,3,2.5,1861.0,98121,1395000.0
835,3,2.0,1650.0,98126,750000.0
836,1,1.0,722.0,98118,299900.0
837,3,2.0,1260.0,98133,615000.0
838,2,2.5,2714.0,98102,1735000.0
839,2,2.0,1020.0,98118,605000.0
840,3,3.5,1471.0,98144,799990.0
841,3,2.5,1500.0,98119,1023500.0
842,2,1.0,1080.0,98118,650000.0
843,4,2.5,1544.0,98117,889000.0
844,2,2.0,1004.0,98125,320000.0
845,4,2.0,1470.0,98118,460000.0
846,4,2.0,1680.0,98107,930000.0
847,4,2.0,2420.0,98126,948750.0
848,4,3.5,2011.0,98136,1130000.0
849,2,2.0,896.0,98107,549250.0
850,2,2.0,1415.0,98125,445000.0
851,2,2.5,840.0,98144,629000.0
852,1,1.0,434.0,98102,345000.0
853,4,2.5,2730.0,98146,1175000.0
854,3,1.5,1350.0,98118,599000.0
855,3,3.5,1740.0,98122,840000.0
856,3,2.5,1940.0,98118,1140000.0
857,4,1.0,1340.0,98144,685000.0
858,2,2.0,1110.0,98103,689000.0
859,3,2.5,1380.0,98115,613000.0
860,3,2.5,1400.0,98136,785000.0
861,3,2.0,2110.0,98108,815000.0
862,1,1.0,557.0,98102,399950.0
863,3,2.0,1830.0,98126,835000.0
864,3,2.0,1480.0,98116,780000.0
865,3,1.5,1550.0,98133,835000.0
866,3,2.0,1670.0,98146,620000.0
867,4,2.5,2890.0,98115,1650000.0
868,3,3.5,1590.0,98136,820000.0
869,1,1.0,630.0,98109,439900.0
870,4,2.0,1440.0,98126,760000.0
871,3,2.5,2529.0,98122,1650000.0
872,3,3.0,1086.0,98144,539950.0
873,3,2.0,1565.0,98103,985000.0
874,2,2.0,916.0,98121,760000.0
875,3,7.0,2190.0,98112,1868000.0
876,2,2.0,1400.0,98115,530000.0
877,3,3.5,1352.0,98115,886000.0
878,4,4.0,2030.0,98115,1349000.0
879,3,2.0,1455.0,98117,959822.0
880,5,4.0,3240.0,98199,1825000.0
881,3,2.0,924.0,98126,422000.0
882,2,2.0,1470.0,98115,825000.0
883,3,2.0,1758.0,98103,1130000.0
884,3,2.5,1830.0,98116,960000.0
885,2,1.0,1019.0,98107,640000.0
886,4,3.0,2970.0,98102,1950000.0
887,3,3.5,1500.0,98103,700000.0
888,3,2.0,2020.0,98119,900000.0
889,3,3.5,2188.0,98112,1700000.0
890,1,1.0,507.0,98101,460000.0
891,2,1.5,1131.0,98144,699950.0
892,2,2.0,982.0,98122,705000.0
893,2,2.0,1889.0,98112,2750000.0
894,2,1.0,1440.0,98133,699990.0
895,2,2.0,789.0,98107,475000.0
896,2,2.0,1131.0,98116,575000.0
897,4,3.0,3300.0,98199,1995000.0
898,4,2.0,2510.0,98115,1025000.0
899,2,2.5,1580.0,98178,1790000.0
900,1,2.0,966.0,98121,640000.0
901,1,1.0,703.0,98126,350000.0
902,2,2.0,1220.0,98118,600000.0
903,9,5.0,3590.0,98117,1100400.0
904,6,5.5,4299.0,98115,3300000.0
905,1,1.0,900.0,98105,369950.0
906,3,2.5,1260.0,98117,750000.0
907,2,2.5,1048.0,98115,760000.0
908,4,1.0,1470.0,98125,699999.0
909,1,1.0,1113.0,98102,595000.0
910,2,2.0,1570.0,98103,715000.0
911,3,2.5,2740.0,98117,1375000.0
912,2,2.5,1470.0,98103,885000.0
913,4,2.0,1710.0,98118,685000.0
914,3,2.5,1580.0,98103,1095000.0
915,2,1.0,800.0,98125,550000.0
916,3,1.0,980.0,98103,500000.0
917,5,3.5,3700.0,98122,2075000.0
918,4,2.0,2352.0,98199,1450000.0
919,3,3.0,2320.0,98125,675000.0
920,2,2.0,1503.0,98108,729000.0
921,4,5.5,2410.0,98146,1500000.0
922,2,1.5,950.0,98103,1270000.0
923,3,1.5,1640.0,98103,1060000.0
924,3,1.5,2440.0,98112,1400000.0
925,1,1.0,594.0,98105,405000.0
926,4,2.0,1480.0,98118,665000.0
927,3,2.5,1220.0,98118,618000.0
928,3,2.0,2740.0,98177,1305000.0
929,3,3.0,2160.0,98118,1300000.0
930,2,2.0,1400.0,98199,850000.0
931,3,2.5,2650.0,98136,1112000.0
932,2,2.0,2735.0,98121,871000.0
933,1,1.0,750.0,98116,420000.0
934,2,1.0,1201.0,98126,605000.0
935,6,6.0,3488.0,98103,1225000.0
936,4,2.0,1742.0,98105,781000.0
937,4,2.0,2390.0,98105,1195000.0
938,3,1.0,4018.0,98122,517500.0
939,3,3.5,1530.0,98117,1089000.0
940,1,1.0,600.0,98112,370000.0
941,5,3.5,3340.0,98112,2500000.0
942,2,1.0,2060.0,98106,525000.0
943,3,2.5,1650.0,98106,675000.0
944,1,1.0,640.0,98144,497000.0
945,2,2.0,1106.0,98109,1470000.0
946,2,2.0,1200.0,98199,519000.0
947,3,2.5,1390.0,98126,575000.0
948,3,2.0,1759.0,98116,890000.0
949,2,1.5,1690.0,98118,779000.0
950,4,3.5,2191.0,98103,1394600.0
951,3,2.5,1380.0,98144,655000.0
952,2,2.0,877.0,98115,415000.0
953,5,4.0,2754.0,98126,956000.0
954,3,2.0,2770.0,98115,700000.0
955,1,1.0,515.0,98116,309000.0
956,3,2.0,2029.0,98115,685000.0
957,4,3.0,2560.0,98115,890000.0
958,5,3.5,2966.0,98126,1263500.0
959,3,2.5,1763.0,98117,1135000.0
960,3,2.5,1550.0,98116,1350000.0
961,2,1.0,830.0,98177,645000.0
962,2,2.0,1019.0,98119,499000.0
963,1,1.0,696.0,98105,385000.0
964,5,3.5,5090.0,98102,4325000.0
965,3,4.5,1460.0,98108,700000.0
966,2,2.0,1036.0,98103,789950.0
967,1,1.0,854.0,98103,540000.0
968,3,3.0,1687.0,98115,1035000.0
969,3,1.5,1430.0,98168,438000.0
970,2,2.0,1960.0,98168,580000.0
971,4,3.5,2720.0,98115,1395000.0
972,1,1.0,706.0,98116,520000.0
973,3,2.0,2600.0,98144,1525000.0
974,3,2.0,1900.0,98115,965000.0
975,2,1.5,1580.0,98115,1300000.0
976,1,1.0,1270.0,98108,915000.0
977,4,2.5,2320.0,98108,1001000.0
978,3,1.0,910.0,98106,650000.0
979,2,2.0,878.0,98121,675000.0
980,2,1.0,1915.0,98133,725000.0
981,3,2.0,2462.0,98119,1150000.0
982,4,3.5,2640.0,98103,1750000.0
983,3,2.5,1670.0,98144,875000.0
984,3,1.0,1090.0,98133,630000.0
985,3,3.5,1621.0,98109,1085000.0
986,4,2.0,2591.0,98125,800000.0
987,2,2.0,1400.0,98119,1295000.0
988,2,2.5,840.0,98118,612500.0
989,4,3.5,2910.0,98115,2325000.0
990,2,1.0,1410.0,98118,590000.0
991,2,1.0,770.0,98106,560000.0
992,3,2.0,1900.0,98199,1299000.0
993,3,2.0,2760.0,98119,1256000.0
994,3,2.0,1290.0,98144,925000.0
995,3,2.0,1111.0,98112,849000.0
996,2,2.0,850.0,98115,889900.0
997,2,1.5,900.0,98105,568000.0
998,6,5.0,2667.0,98122,900000.0
999,2,1.5,1320.0,98116,810000.0
1000,2,2.0,1370.0,98117,500000.0
1001,2,1.0,1140.0,98106,528000.0
1002,3,1.0,1380.0,98117,890000.0
1003,3,2.0,1422.0,98117,780000.0
1004,2,2.0,1065.0,98126,430000.0
1005,2,3.0,2943.0,98105,1650000.0
1006,3,2.0,1250.0,98106,625000.0
1007,3,2.0,2390.0,98133,1150000.0
1008,1,1.0,569.0,98102,400000.0
1009,3,2.0,1680.0,98199,1087500.0
1010,1,1.0,683.0,98101,679000.0
1011,1,1.0,627.0,98121,475000.0
1012,2,2.0,840.0,98116,645000.0
1013,3,1.5,1880.0,98125,749000.0
1014,2,2.0,881.0,98103,550000.0
1015,2,1.0,850.0,98144,778000.0
1016,1,1.0,525.0,98103,375000.0
1017,3,1.5,2170.0,98109,1250000.0
1018,2,1.0,1110.0,98125,820000.0
1019,4,3.5,3930.0,98102,2925000.0
1020,2,1.0,1047.0,98102,762500.0
1021,1,1.0,653.0,98122,475000.0
1022,3,1.5,1710.0,98122,1000000.0
1023,5,3.0,2120.0,98126,750000.0
1024,3,4.0,2360.0,98115,1325000.0
1025,4,4.0,2250.0,98106,1070000.0
1026,4,2.0,2320.0,98115,1150000.0
1027,4,3.5,3490.0,98115,1480000.0
1028,4,2.5,2500.0,98117,1295000.0
1029,2,1.0,792.0,98102,520000.0
1030,2,2.5,1490.0,98115,855000.0
1031,3,2.5,1700.0,98102,1475000.0
1032,2,2.0,1261.0,98125,625000.0
1033,4,2.0,2440.0,98122,1060000.0
1034,3,2.5,1420.0,98108,750000.0
1035,3,2.0,1380.0,98122,740000.0
1036,3,2.0,1111.0,98112,849000.0
1037,3,1.5,1920.0,98133,865000.0
1038,3,1.5,1220.0,98144,660000.0
1039,3,3.0,4010.0,98112,3050000.0
1040,2,2.0,1170.0,98144,644999.0
1041,3,2.5,1600.0,98144,699900.0
1042,1,1.0,760.0,98119,309000.0
1043,2,1.5,1290.0,98144,762500.0
1044,2,1.0,980.0,98112,800000.0
1045,2,1.5,1022.0,98144,660000.0
1046,2,1.5,1260.0,98118,715000.0
1047,5,2.0,2660.0,98136,1125000.0
1048,1,1.0,644.0,98122,350000.0
1049,1,1.0,664.0,98102,305000.0
1050,1,1.0,468.0,98109,275000.0
1051,4,3.0,2680.0,98115,2100000.0
1052,4,2.0,1640.0,98136,730000.0
1053,3,2.0,2000.0,98115,925000.0
1054,2,2.0,1523.0,98125,639950.0
1055,4,3.0,2430.0,98146,520000.0
1056,2,2.0,1199.0,98117,375000.0
1057,4,3.0,2160.0,98125,980000.0
1058,4,2.5,1354.0,98118,485000.0
1059,1,1.0,738.0,98101,490000.0
1060,2,2.0,1425.0,98104,899000.0
1061,6,7.0,4570.0,98105,1950000.0
1062,2,1.5,940.0,98144,640000.0
1063,3,3.5,1710.0,98126,699000.0
1064,3,2.5,1430.0,98103,855000.0
1065,3,3.5,1500.0,98118,598800.0
1066,3,1.5,1376.0,98107,780000.0
1067,4,3.5,4002.0,98116,2100000.0
1068,4,1.0,1600.0,98115,652000.0
1069,1,1.0,807.0,98122,380000.0
1070,5,3.0,2055.0,98122,1100000.0
1071,1,1.0,647.0,98102,377500.0
1072,2,2.0,940.0,98115,579000.0
1073,2,1.5,1150.0,98125,590000.0
1074,2,2.5,1459.0,98103,665000.0
1075,4,2.5,1910.0,98103,1625000.0
1076,4,3.0,2297.0,98178,783000.0
1077,4,2.5,2320.0,98118,820000.0
1078,5,3.5,2387.0,98133,1125000.0
1079,5,3.5,3270.0,98115,2000000.0
1080,3,2.5,1530.0,98126,899999.0
1081,2,1.0,1150.0,98136,845714.0
1082,3,2.0,1237.0,98106,747250.0
1083,3,2.5,1760.0,98136,850000.0
1084,1,1.0,808.0,98164,560000.0
1085,2,2.0,2720.0,98144,720000.0
1086,4,2.0,1345.0,98103,962000.0
1087,4,3.0,2600.0,98115,1750000.0
1088,3,2.0,2209.0,98115,715000.0
1089,2,2.5,950.0,98107,695000.0
1090,4,2.5,1530.0,98146,675000.0
1091,2,1.0,830.0,98103,942000.0
1092,3,2.0,1590.0,98117,910000.0
1093,3,3.0,1524.0,98122,850000.0
1094,4,3.0,1920.0,98125,2095000.0
1095,4,2.0,2660.0,98115,1357000.0
1096,3,2.0,2284.0,98136,850000.0
1097,3,2.5,1604.0,98144,760000.0
1098,4,4.0,2555.0,98105,1500000.0
1099,3,1.5,2460.0,98115,1150000.0
1100,3,2.5,2793.0,98109,1732000.0
1101,2,1.5,1540.0,98106,751000.0
1102,3,1.0,950.0,98106,589000.0
1103,3,1.5,1720.0,98168,426000.0
1104,2,2.0,1470.0,98125,707000.0
1105,5,2.5,3500.0,98146,875000.0
1106,2,1.5,984.0,98116,499999.0
1107,3,2.5,1570.0,98103,901000.0
1108,1,1.0,700.0,98122,647201.0
1109,2,2.0,1188.0,98119,450000.0
1110,3,2.5,2570.0,98118,1175000.0
1111,3,2.5,1631.0,98103,1049950.0
1112,3,2.0,1596.0,98105,505000.0
1113,2,2.5,820.0,98126,525000.0
1114,3,2.5,1610.0,98119,875000.0
1115,1,1.0,812.0,98107,480000.0
1116,3,2.0,1425.0,98117,759999.0
1117,2,2.5,1086.0,98115,884950.0
1118,2,2.5,1043.0,98117,690000.0
1119,3,2.0,1440.0,98119,1195000.0
1120,1,1.0,590.0,98106,435000.0
1121,2,2.0,1152.0,98121,1325000.0
1122,4,2.0,2040.0,98112,1175000.0
1123,3,2.0,2092.0,98102,2000000.0
1124,3,1.0,1780.0,98144,975000.0
1125,3,2.5,3560.0,98116,1575000.0
1126,2,2.5,1475.0,98103,945000.0
1127,4,2.5,1890.0,98178,668000.0
1128,4,2.0,2790.0,98126,930000.0
1129,4,3.5,2600.0,98122,2225000.0
1130,3,2.0,1060.0,98106,575000.0
1131,3,1.0,2180.0,98125,720000.0
1132,2,2.0,1761.0,98115,665000.0
1133,3,2.0,1379.0,98125,729950.0
1134,3,1.5,2550.0,98105,958748.0
1135,4,3.5,3815.0,98116,2895000.0
1136,4,2.0,2634.0,98115,1500000.0
1137,1,1.0,540.0,98104,335000.0
1138,3,3.5,3064.0,98121,2450000.0
1139,2,1.0,860.0,98108,565000.0
1140,3,2.5,1690.0,98125,807500.0
1141,3,3.5,1800.0,98103,750000.0
1142,2,2.0,1071.0,98119,605000.0
1143,2,1.0,807.0,98103,525000.0
1144,3,2.5,1350.0,98119,899000.0
1145,4,2.0,2900.0,98144,1275000.0
1146,3,3.0,1880.0,98107,999950.0
1147,1,1.0,677.0,98115,270000.0
1148,1,1.0,703.0,98103,498000.0
1149,1,1.0,527.0,98122,399000.0
1150,1,1.0,820.0,98118,530000.0
1151,3,2.5,1360.0,98103,700000.0
1152,4,3.5,2600.0,98117,1950000.0
1153,4,3.5,2852.0,98102,1715000.0
1154,3,3.5,1370.0,98133,619000.0
1155,3,1.5,2000.0,98112,1400000.0
1156,3,2.0,1096.0,98117,849950.0
1157,3,3.5,3380.0,98177,1599500.0
1158,3,2.5,1616.0,98116,990000.0
1159,3,3.0,1620.0,98136,1058000.0
1160,2,2.0,970.0,98102,634400.0
1161,1,2.0,1009.0,98116,525000.0
1162,3,2.0,2270.0,98122,1550000.0
1163,3,1.0,1200.0,98168,500000.0
1164,2,2.0,1225.0,98115,725000.0
1165,2,2.0,1081.0,98144,620000.0
1166,3,2.0,1380.0,98125,775000.0
1167,2,1.0,1200.0,98103,1025100.0
1168,2,2.0,1620.0,98103,835000.0
1169,3,2.0,2950.0,98199,1500000.0
1170,1,1.0,513.0,98121,315000.0
1171,4,2.0,2100.0,98116,1225000.0
1172,3,2.0,1705.0,98177,910000.0
1173,4,4.5,3610.0,98112,2800000.0
1174,3,3.5,1800.0,98103,1050000.0
1175,3,1.0,2130.0,98117,850000.0
1176,2,2.0,1367.0,98121,1350000.0
1177,3,2.5,1730.0,98125,800000.0
1178,4,3.5,4194.0,98112,3500000.0
1179,9,9.0,3780.0,98119,1210000.0
1180,2,2.0,1778.0,98112,1900000.0
1181,3,3.0,1410.0,98107,865000.0
1182,2,2.0,1088.0,98133,475000.0
1183,4,1.0,1340.0,98117,875000.0
1184,5,1.0,2380.0,98136,539000.0
1185,3,4.5,2140.0,98109,1835000.0
1186,3,2.0,2080.0,98178,738000.0
1187,2,1.0,1410.0,98118,799000.0
1188,1,1.0,571.0,98121,331000.0
1189,4,2.5,2340.0,98106,870000.0
1190,5,4.5,5210.0,98122,3320000.0
1191,1,1.0,733.0,98121,545000.0
1192,2,1.5,1060.0,98118,530000.0
1193,2,2.5,996.0,98122,799000.0
1194,4,2.0,1850.0,98105,1200000.0
1195,1,1.0,690.0,98117,560000.0
1196,4,2.0,2260.0,98107,1330000.0
1197,4,3.5,3190.0,98107,2130000.0
1198,3,2.5,1846.0,98199,1060000.0
1199,3,2.0,1700.0,98118,999999.0
1200,4,2.0,2240.0,98126,795000.0
1201,4,2.0,1660.0,98103,1127500.0
1202,2,3.0,1780.0,98133,720000.0
1203,4,3.5,2270.0,98146,710000.0
1204,1,1.0,603.0,98121,432000.0
1205,3,3.5,2024.0,98107,1200000.0
1206,2,2.5,1103.0,98107,780000.0
1207,3,1.0,1460.0,98115,880000.0
1208,6,7.0,4260.0,98119,2300000.0
1209,3,2.5,1660.0,98122,816750.0
1210,3,1.5,1350.0,98107,750000.0
1211,4,3.0,2949.0,98103,1610000.0
1212,3,2.5,1718.0,98117,900000.0
1213,2,1.0,1370.0,98119,1000000.0
1214,4,2.5,1822.0,98199,1033000.0
1215,2,1.0,800.0,98103,690000.0
1216,1,1.0,718.0,98119,459000.0
1217,2,2.0,909.0,98103,420000.0
1218,2,1.0,903.0,98146,312500.0
1219,2,2.0,1297.0,98109,880000.0
1220,3,2.0,2140.0,98133,925000.0
1221,4,5.0,2970.0,98125,1450000.0
1222,2,2.0,900.0,98122,590000.0
1223,2,2.0,2600.0,98122,750000.0
1224,2,1.0,1180.0,98106,419000.0
1225,1,1.0,564.0,98103,602000.0
1226,4,2.0,1700.0,98125,891000.0
1227,3,3.0,1524.0,98122,875000.0
1228,3,3.0,1410.0,98103,1200000.0
1229,1,1.0,831.0,98136,480000.0
1230,5,3.0,3060.0,98118,889000.0
1231,2,2.0,1213.0,98117,422000.0
1232,4,2.0,2352.0,98107,1295000.0
1233,1,1.0,534.0,98178,223000.0
1234,2,1.0,724.0,98102,530000.0
1235,4,3.5,2304.0,98103,1550000.0
1236,3,1.0,1450.0,98115,1125000.0
1237,2,1.0,980.0,98168,475000.0
1238,2,1.5,1550.0,98112,1550000.0
1239,1,1.0,704.0,98144,645000.0
1240,1,1.5,1425.0,98102,2200000.0
1241,1,1.0,794.0,98101,516000.0
1242,5,3.5,4060.0,98116,2888000.0
1243,2,2.0,979.0,98199,470000.0
1244,4,2.0,1830.0,98136,950000.0
1245,2,1.0,1260.0,98133,626000.0
1246,2,1.0,1027.0,98115,300000.0
1247,5,2.0,3210.0,98115,688000.0
1248,2,1.0,968.0,98115,399950.0
1249,3,2.0,1049.0,98112,900000.0
1250,2,1.5,1054.0,98109,709000.0
1251,2,2.0,1586.0,98101,1460000.0
1252,4,2.0,1760.0,98115,999950.0
1253,2,1.0,860.0,98178,480000.0
1254,4,2.5,1560.0,98144,1110000.0
1255,4,3.0,3110.0,98119,1500000.0
1256,3,2.0,1440.0,98115,935000.0
1257,3,2.0,1500.0,98136,770000.0
1258,3,1.5,2160.0,98117,915000.0
1259,4,5.5,3100.0,98125,1375000.0
1260,1,1.0,522.0,98107,325000.0
1261,3,2.0,1560.0,98117,920000.0
1262,3,3.0,3400.0,98136,1150000.0
1263,2,2.0,1761.0,98115,665000.0
1264,2,1.5,1076.0,98125,549000.0
1265,2,2.0,1217.0,98199,787950.0
1266,3,3.5,1450.0,98126,670000.0
1267,2,1.0,1000.0,98112,750000.0
1268,2,2.5,1124.0,98115,799950.0
1269,4,3.5,3070.0,98144,1900000.0
1270,1,1.0,480.0,98109,275000.0
1271,3,2.0,1860.0,98105,1165000.0
1272,2,1.0,740.0,98126,500000.0
1273,3,2.0,1440.0,98133,830000.0
1274,1,1.0,758.0,98103,469000.0
1275,3,1.0,1340.0,98117,765000.0
1276,3,3.0,1700.0,98136,1275000.0
1277,4,3.5,2950.0,98105,1800000.0
1278,1,1.0,616.0,98102,374000.0
1279,3,2.5,4240.0,98116,2725000.0
1280,4,3.5,3495.0,98144,2000000.0
1281,3,3.0,2560.0,98112,1300000.0
1282,3,3.0,2040.0,98117,1000000.0
1283,3,1.0,890.0,98126,575000.0
1284,3,1.5,1730.0,98115,870000.0
1285,1,1.0,816.0,98109,560000.0
1286,4,2.0,2400.0,98177,900000.0
1287,3,2.5,1270.0,98144,675000.0
1288,4,3.0,1830.0,98107,1352000.0
1289,3,2.5,2470.0,98126,800000.0
1290,4,4.0,2300.0,98115,1210000.0
1291,4,2.5,1600.0,98105,699000.0
1292,1,1.0,510.0,98104,308000.0
1293,2,2.0,1387.0,98116,649000.0
1294,3,2.5,2230.0,98178,555000.0
1295,1,1.0,956.0,98104,870000.0
1296,3,3.0,1872.0,98107,1050000.0
1297,4,5.0,2030.0,98106,700000.0
1298,4,2.0,1980.0,98136,785000.0
1299,3,3.0,1180.0,98116,729000.0
1300,4,2.5,2630.0,98122,1340000.0
1301,4,2.0,2010.0,98115,1100000.0
1302,4,3.5,3487.0,98136,2010000.0
1303,4,2.0,2570.0,98112,850000.0
1304,2,2.0,1440.0,98168,390000.0
1305,2,2.0,1131.0,98103,470000.0
1306,2,1.0,1440.0,98133,675000.0
1307,3,3.5,2010.0,98117,1111111.0
1308,2,3.0,1073.0,98133,429900.0
1309,4,3.5,3300.0,98125,1575000.0
1310,4,2.0,3040.0,98199,1665500.0
1311,4,2.5,2500.0,98146,577000.0
1312,4,1.0,1810.0,98126,655500.0
1313,2,2.0,1878.0,98119,1171600.0
1314,3,2.0,1411.0,98104,699000.0
1315,3,1.0,3960.0,98118,722500.0
1316,3,1.0,1000.0,98136,750000.0
1317,5,2.0,2300.0,98105,1266000.0
1318,2,2.5,890.0,98146,510000.0
1319,5,3.0,2820.0,98117,1550000.0
1320,3,1.0,1620.0,98118,600000.0
1321,3,2.0,1470.0,98136,875000.0
1322,2,2.5,1088.0,98133,475000.0
1323,5,2.0,2160.0,98106,795000.0
1324,3,3.5,3105.0,98112,2250000.0
1325,2,2.0,1200.0,98122,699950.0
1326,2,2.0,1240.0,98117,710000.0
1327,3,2.5,1550.0,98122,1065000.0
1328,7,4.0,2300.0,98122,1095000.0
1329,4,3.0,2466.0,98115,1299000.0
1330,2,2.0,1817.0,98102,2100000.0
1331,4,3.0,1500.0,98122,1155000.0
1332,4,2.0,2380.0,98144,525000.0
1333,2,2.0,1524.0,98108,710000.0
1334,3,2.5,1370.0,98117,699500.0
1335,3,2.0,1449.0,98107,720000.0
1336,2,2.0,1140.0,98103,850000.0
1337,3,2.5,1010.0,98118,615000.0
1338,9,5.0,3014.0,98178,835000.0
1339,3,3.5,1450.0,98118,580000.0
1340,2,2.0,1248.0,98122,890955.0
1341,4,2.0,2600.0,98117,1098500.0
1342,3,2.0,1328.0,98103,929950.0
1343,1,1.0,614.0,98109,369950.0
1344,4,3.0,2481.0,98115,999000.0
1345,4,1.0,1420.0,98178,445000.0
1346,4,3.0,2040.0,98117,1410000.0
1347,3,3.0,1390.0,98126,1095000.0
1348,2,3.0,920.0,98107,690000.0
1349,4,3.5,1835.0,98103,1299950.0
1350,4,2.0,1840.0,98103,825000.0
1351,3,2.5,3020.0,98177,1450000.0
1352,3,2.0,2520.0,98115,1050000.0
1353,4,5.0,2240.0,98108,965000.0
1354,3,3.5,1644.0,98112,820000.0
1355,3,2.5,1880.0,98106,725000.0
1356,2,2.0,995.0,98144,850000.0
1357,1,1.0,568.0,98104,330000.0
1358,2,3.0,1226.0,98144,589990.0
1359,2,1.0,730.0,98105,25000000.0
1360,4,2.0,1500.0,98133,947000.0
1361,3,2.0,2080.0,98108,800000.0
1362,3,3.0,1425.0,98177,819950.0
1363,4,2.5,3840.0,98177,2195000.0
1364,4,3.0,2074.0,98126,812500.0
1365,5,3.0,3556.0,98115,2250000.0
1366,1,1.0,1100.0,98107,745000.0
1367,2,1.0,730.0,98106,545000.0
1368,4,2.0,1170.0,98178,390000.0
1369,4,3.0,2240.0,98118,625000.0
1370,4,2.0,1750.0,98115,855000.0
1371,2,2.0,1695.0,98126,1150000.0
1372,5,3.0,2480.0,98117,1135000.0
1373,4,2.5,1420.0,98103,760000.0
1374,2,1.0,990.0,98133,474000.0
1375,2,1.0,1520.0,98117,820000.0
1376,5,2.0,2100.0,98108,599950.0
1377,3,3.0,1740.0,98136,1010000.0
1378,2,2.0,1760.0,98108,750000.0
1379,2,2.0,1021.0,98101,981250.0
1380,4,3.5,3018.0,98103,1795000.0
1381,2,1.5,1024.0,98115,495000.0
1382,1,1.0,945.0,98109,385000.0
1383,2,1.0,2380.0,98108,640000.0
1384,5,5.0,3810.0,98177,1180000.0
1385,2,2.5,1048.0,98112,899000.0
1386,3,1.5,1610.0,98122,1106000.0
1387,1,1.0,701.0,98115,315000.0
1388,4,2.5,2213.0,98107,1075000.0
1389,2,2.0,1071.0,98119,719000.0
1390,2,1.0,850.0,98107,813000.0
1391,3,3.0,1280.0,98103,900000.0
1392,3,1.0,980.0,98119,700000.0
1393,4,3.5,3840.0,98118,1250000.0
1394,2,2.0,1006.0,98112,650000.0
1395,4,2.0,1450.0,98109,1185000.0
1396,4,2.0,2140.0,98136,960000.0
1397,4,3.0,2480.0,98103,1605000.0
1398,5,2.0,2420.0,98117,960000.0
1399,3,4.5,1760.0,98109,1440000.0
1400,2,2.0,1170.0,98144,624999.0
1401,3,2.0,1730.0,98125,910000.0
1402,1,1.0,376.0,98199,1000000.0
1403,1,1.0,636.0,98102,450000.0
1404,3,2.0,1940.0,98107,895000.0
1405,4,2.5,3400.0,98112,2100000.0
1406,3,2.0,1360.0,98125,830000.0
1407,2,2.0,875.0,98116,656500.0
1408,6,2.0,2230.0,98118,700000.0
1409,5,2.0,4190.0,98119,2300000.0
1410,3,2.5,2220.0,98117,1167500.0
1411,2,1.0,830.0,98117,450000.0
1412,3,2.5,2090.0,98108,820000.0
1413,3,1.0,1210.0,98119,795000.0
1414,2,1.0,691.0,98102,998000.0
1415,3,2.5,1820.0,98118,690000.0
1416,4,2.5,3105.0,98115,1040000.0
1417,4,2.0,1680.0,98178,517500.0
1418,3,2.0,2495.0,98105,1250000.0
1419,5,3.0,2450.0,98144,1270000.0
1420,4,2.0,2787.0,98122,1207000.0
1421,5,3.5,3310.0,98102,1637500.0
1422,2,2.0,1699.0,98109,640000.0
1423,5,4.0,3180.0,98105,2100000.0
1424,5,2.5,3350.0,98126,1275000.0
1425,2,2.0,1365.0,98122,799000.0
1426,3,3.0,1660.0,98117,1200000.0
1427,3,1.5,1880.0,98118,489000.0
1428,1,1.0,580.0,98102,395000.0
1429,3,2.0,1270.0,98146,590000.0
1430,3,1.0,860.0,98125,699000.0
1431,1,1.0,580.0,98122,475000.0
1432,3,3.5,1840.0,98117,1025000.0
1433,1,1.0,615.0,98199,315000.0
1434,5,3.0,2140.0,98125,850000.0
1435,2,2.0,1437.0,98122,969950.0
1436,2,1.5,1390.0,98107,759950.0
1437,2,1.5,870.0,98115,700000.0
1438,5,4.5,2840.0,98112,500000.0
1439,3,2.0,2260.0,98107,877000.0
1440,2,2.0,886.0,98116,660000.0
1441,1,1.0,505.0,98102,325000.0
1442,2,1.0,1048.0,98121,760000.0
1443,4,2.0,1800.0,98117,1100000.0
1444,2,2.0,1390.0,98116,954500.0
1445,3,2.5,2600.0,98136,1475000.0
1446,4,2.0,2640.0,98168,780000.0
1447,2,1.5,1020.0,98102,765000.0
1448,3,3.0,2630.0,98115,1130000.0
1449,4,3.5,2910.0,98144,1865000.0
1450,3,2.0,1580.0,98116,1000000.0
1451,2,1.0,885.0,98105,389000.0
1452,3,2.0,2100.0,98116,1325000.0
1453,4,2.0,2010.0,98105,1250000.0
1454,4,2.0,1480.0,98126,830000.0
1455,3,2.0,1560.0,98117,1180000.0
1456,1,1.0,889.0,98121,648888.0
1457,1,1.0,664.0,98102,322000.0
1458,2,2.0,804.0,98107,465600.0
1459,4,2.0,2080.0,98105,975000.0
1460,2,1.0,910.0,98117,800000.0
1461,3,2.5,1620.0,98106,875100.0
1462,3,3.5,1970.0,98105,868500.0
1463,3,2.0,1720.0,98116,869000.0
1464,4,2.0,1545.0,98103,1253000.0
1465,3,2.5,1710.0,98115,1190000.0
1466,1,2.0,1141.0,98122,699950.0
1467,2,3.0,1276.0,98106,520000.0
1468,2,1.5,1978.0,98118,858000.0
1469,2,1.0,1060.0,98125,700000.0
1470,5,3.5,3220.0,98103,820000.0
1471,4,2.0,1170.0,98168,530000.0
1472,3,2.0,1770.0,98118,660000.0
1473,2,2.0,1420.0,98107,690000.0
1474,4,2.5,2980.0,98125,1445000.0
1475,4,1.5,1630.0,98133,734950.0
1476,1,1.0,743.0,98102,522250.0
1477,2,1.0,680.0,98125,625000.0
1478,2,1.0,900.0,98168,409050.0
1479,1,1.0,635.0,98121,380000.0
1480,5,3.5,3400.0,98109,3340000.0
1481,3,2.0,1300.0,98103,735000.0
1482,2,2.0,1094.0,98122,675000.0
1483,3,2.5,1763.0,98117,1125000.0
1484,2,1.0,940.0,98118,550000.0
1485,3,2.5,1820.0,98103,990000.0
1486,1,1.0,650.0,98121,468000.0
1487,2,2.0,1200.0,98122,705000.0
1488,3,2.0,1939.0,98109,1070000.0
1489,4,2.0,1780.0,98117,1181500.0
1490,3,2.0,2370.0,98119,1180000.0
1491,2,2.5,1411.0,98117,830000.0
1492,2,1.0,512.0,98103,312000.0
1493,4,2.5,2360.0,98199,1750000.0
1494,3,2.0,2630.0,98117,1290000.0
1495,5,3.0,2700.0,98119,1025000.0
1496,1,1.0,605.0,98103,370000.0
1497,2,1.0,767.0,98136,349950.0
1498,2,1.0,1015.0,98102,650000.0
1499,2,2.0,1245.0,98168,330000.0
1500,1,1.0,513.0,98121,315000.0
1501,1,1.0,780.0,98106,500000.0
1502,4,3.0,2050.0,98136,920000.0
1503,2,2.0,1060.0,98117,650000.0
1504,2,2.0,950.0,98117,705000.0
1505,3,1.5,1870.0,98168,500000.0
1506,3,2.5,1060.0,98117,765000.0
1507,3,2.5,1860.0,98103,1025000.0
1508,3,1.5,1420.0,98117,980000.0
1509,3,1.0,1390.0,98144,850000.0
1510,3,2.0,1096.0,98117,874500.0
1511,3,1.0,1100.0,98106,468000.0
1512,3,1.0,1010.0,98178,475000.0
1513,3,3.5,1730.0,98117,975000.0
1514,2,1.5,1480.0,98118,948800.0
1515,3,2.0,1890.0,98106,700000.0
1516,4,2.0,2500.0,98144,972500.0
1517,4,3.5,2840.0,98108,925000.0
1518,3,2.0,1608.0,98103,732000.0
1519,2,2.5,1701.0,98112,1354000.0
1520,1,1.0,376.0,98199,1000000.0
1521,1,2.0,1250.0,98116,160000.0
1522,3,2.5,1790.0,98117,1050000.0
1523,4,2.0,1670.0,98106,650000.0
1524,3,2.0,1640.0,98136,900000.0
1525,4,4.5,3228.0,98119,2050000.0
1526,4,2.0,1720.0,98118,705000.0
1527,4,2.0,2060.0,98168,575000.0
1528,3,2.0,1840.0,98115,865000.0
1529,4,3.5,3180.0,98122,2485000.0
1530,3,3.0,1760.0,98125,670000.0
1531,2,1.0,1350.0,98115,799950.0
1532,2,2.0,1403.0,98125,480000.0
1533,3,2.0,1740.0,98199,1310000.0
1534,3,2.0,1490.0,98107,900000.0
1535,3,3.0,2380.0,98199,1385000.0
1536,1,1.0,815.0,98121,465000.0
1537,4,3.5,2900.0,98125,1337000.0
1538,5,3.0,2370.0,98118,800000.0
1539,4,1.0,2470.0,98178,770000.0
1540,4,1.0,1740.0,98119,925000.0
1541,1,1.0,690.0,98133,290000.0
1542,5,3.5,2610.0,98118,915000.0
1543,4,3.5,2015.0,98116,1240000.0
1544,5,3.5,3880.0,98112,2975000.0
1545,4,2.0,2280.0,98168,625000.0
1546,4,3.0,2570.0,98105,1555000.0
1547,5,2.0,2740.0,98103,1175000.0
1548,2,2.0,1469.0,98115,900000.0
1549,3,2.5,2860.0,98126,1630000.0
1550,2,2.0,1479.0,98116,640000.0
1551,5,4.5,3370.0,98117,1975000.0
1552,3,1.0,1300.0,98109,1000000.0
1553,2,1.0,780.0,98118,675000.0
1554,5,6.0,6990.0,98103,1880000.0
1555,2,2.5,867.0,98115,679000.0
1556,2,2.0,1217.0,98199,787950.0
1557,3,2.5,2120.0,98122,1365000.0
1558,2,2.0,1042.0,98101,639000.0
1559,2,2.0,1163.0,98117,648800.0
1560,3,3.5,1580.0,98144,760000.0
1561,3,2.0,1740.0,98115,1070000.0
1562,4,3.0,1810.0,98116,1118000.0
1563,1,1.0,1186.0,98109,665000.0
1564,3,1.0,1177.0,98126,650000.0
1565,2,1.5,770.0,98116,550000.0
1566,4,2.0,1870.0,98199,1040000.0
1567,1,1.0,696.0,98115,305000.0
1568,3,2.5,1380.0,98126,523750.0
1569,2,1.0,1650.0,98106,630000.0
1570,3,2.0,1640.0,98106,700000.0
1571,3,3.5,1360.0,98103,700000.0
1572,3,1.0,970.0,98177,625000.0
1573,1,1.0,490.0,98104,250000.0
1574,5,2.0,2180.0,98122,950000.0
1575,4,3.5,2970.0,98103,2080000.0
1576,4,2.0,2340.0,98103,1800000.0
1577,3,3.0,1420.0,98115,950000.0
1578,3,2.5,1520.0,98108,818000.0
1579,2,2.0,1242.0,98122,769950.0
1580,4,3.0,3410.0,98144,1850000.0
1581,4,1.0,1150.0,98118,575000.0
1582,1,1.0,691.0,98115,321000.0
1583,3,2.0,1170.0,98144,740000.0
1584,3,2.0,1360.0,98125,850000.0
1585,2,2.0,1200.0,98125,620000.0
1586,4,2.0,2680.0,98177,950000.0
1587,2,1.0,670.0,98126,510000.0
1588,1,1.0,545.0,98122,350000.0
1589,3,3.5,1240.0,98116,690000.0
1590,1,1.0,700.0,98109,300000.0
1591,4,3.0,2940.0,98126,1250000.0
1592,2,2.0,1187.0,98115,750000.0
1593,4,2.0,1488.0,98115,750000.0
1594,3,1.0,970.0,98146,515000.0
1595,3,2.5,1681.0,98126,610000.0
1596,2,2.0,1144.0,98107,769950.0
1597,4,3.5,2860.0,98199,1657500.0
1598,1,1.0,773.0,98102,425000.0
1599,3,2.5,3100.0,98112,2610000.0
1600,4,3.5,2400.0,98103,1750000.0
1601,3,2.5,2920.0,98133,985000.0
1602,2,1.0,876.0,98116,550000.0
1603,5,3.0,3450.0,98109,1981000.0
1604,3,2.5,1330.0,98107,819999.0
1605,4,3.5,2440.0,98125,1185000.0
1606,3,3.5,1580.0,98144,950000.0
1607,3,2.0,2299.0,98199,1435000.0
1608,1,1.0,594.0,98103,360000.0
1609,1,1.0,475.0,98121,385000.0
1610,5,3.0,2360.0,98103,1240000.0
1611,4,3.0,1780.0,98117,1184000.0
1612,3,2.0,2250.0,98105,2080000.0
1613,2,2.0,1073.0,98133,429900.0
1614,5,3.0,1900.0,98118,895000.0
1615,5,2.5,3090.0,98105,1600000.0
1616,5,6.5,6240.0,98115,3122000.0
1617,1,1.0,573.0,98121,310000.0
1618,2,1.0,770.0,98115,640000.0
1619,1,1.0,820.0,98121,590000.0
1620,3,2.0,1622.0,98125,692950.0
1621,2,1.0,1210.0,98144,725000.0
1622,3,1.5,1240.0,98117,850000.0
1623,3,3.0,2080.0,98108,762000.0
1624,2,2.0,875.0,98116,625000.0
1625,1,1.0,597.0,98109,360000.0
1626,2,2.0,1370.0,98168,280000.0
1627,4,2.0,2425.0,98105,1295000.0
1628,4,2.5,1760.0,98144,925000.0
1629,2,2.5,994.0,98136,670000.0
1630,1,1.0,515.0,98109,387000.0
1631,3,3.5,1660.0,98144,765000.0
1632,4,2.0,1730.0,98126,875000.0
1633,5,3.0,1790.0,98125,964000.0
1634,1,1.0,715.0,98109,500000.0
1635,2,2.0,1470.0,98126,718000.0
1636,3,2.0,2440.0,98103,1000000.0
1637,4,2.0,2880.0,98103,1485000.0
1638,3,2.0,1678.0,98103,1160000.0
1639,3,2.0,1400.0,98117,780000.0
1640,6,4.5,5200.0,98144,3050000.0
1641,1,1.0,806.0,98102,525000.0
1642,4,3.0,2311.0,98115,1211000.0
1643,3,1.5,1060.0,98178,535000.0
1644,2,1.0,1150.0,98118,575000.0
1645,5,3.0,2580.0,98109,1500000.0
1646,4,3.5,3240.0,98105,2675000.0
1647,5,3.5,3710.0,98199,2525000.0
1648,4,3.5,1632.0,98136,825000.0
1649,6,7.0,4641.0,98112,1850000.0
1650,3,3.5,1846.0,98107,1170000.0
1651,2,2.0,1353.0,98115,770000.0
1652,3,2.0,1240.0,98117,705000.0
1653,2,1.0,1760.0,98126,550000.0
1654,2,3.0,1290.0,98199,845000.0
1655,1,1.5,1285.0,98121,1250000.0
1656,4,2.5,3707.0,98177,2100000.0
1657,3,2.0,1120.0,98106,600000.0
1658,6,5.0,3300.0,98105,3598950.0
1659,3,2.0,2160.0,98115,825000.0
1660,2,1.0,1440.0,98146,488000.0
1661,5,2.0,2567.0,98144,1550000.0
1662,3,2.0,1960.0,98103,865000.0
1663,3,3.5,1657.0,98144,847198.0
1664,5,3.0,2610.0,98109,1795000.0
1665,2,2.0,1213.0,98116,800000.0
1666,1,1.0,777.0,98146,244950.0
1667,3,3.5,1590.0,98144,899000.0
1668,2,2.0,1893.0,98115,727000.0
1669,3,1.5,1570.0,98117,975000.0
1670,4,3.0,2440.0,98199,1850000.0
1671,4,4.0,3463.0,98112,2050000.0
1672,2,4.5,1840.0,98103,1049000.0
1673,2,2.0,1554.0,98115,660000.0
1674,1,1.0,567.0,98144,451000.0
1675,1,1.0,665.0,98109,479425.0
1676,2,1.0,950.0,98144,337000.0
1677,2,2.0,1371.0,98116,1295000.0
1678,3,2.0,2040.0,98144,695000.0
1679,4,2.5,2780.0,98136,1530000.0
1680,5,3.5,3410.0,98115,1725000.0
1681,2,1.5,2280.0,98144,650000.0
1682,3,2.0,2100.0,98168,510000.0
1683,2,2.0,1101.0,98115,780000.0
1684,4,3.5,1964.0,98115,1180000.0
1685,3,1.5,1030.0,98125,739000.0
1686,2,2.0,1042.0,98144,630000.0
1687,3,3.5,1740.0,98103,1020000.0
1688,1,2.0,1302.0,98121,740000.0
1689,2,2.0,905.0,98121,670000.0
1690,1,1.0,460.0,98108,1250000.0
1691,3,2.0,1540.0,98122,900000.0
1692,1,1.0,656.0,98109,470000.0
1693,5,2.0,2800.0,98103,1200000.0
1694,3,3.5,2480.0,98122,1500000.0
1695,5,3.0,2170.0,98168,740000.0
1696,5,4.0,2447.0,98117,1500000.0
1697,3,2.0,2164.0,98117,800000.0
1698,2,1.0,740.0,98126,553500.0
1699,3,2.5,2080.0,98116,1200000.0
1700,2,1.0,1800.0,98105,25000000.0
1701,2,2.0,1180.0,98106,527000.0
1702,3,2.0,2020.0,98117,1625000.0
1703,3,3.5,1150.0,98103,625000.0
1704,3,2.0,1220.0,98107,824900.0
1705,2,1.0,810.0,98146,435000.0
1706,1,1.0,696.0,98119,400000.0
1707,3,3.5,2030.0,98122,1200000.0
1708,5,3.5,3930.0,98133,1800000.0
1709,5,2.0,2920.0,98117,1359000.0
1710,4,2.0,1460.0,98116,787500.0
1711,4,1.5,2770.0,98119,850000.0
1712,2,2.0,1523.0,98121,1425000.0
1713,3,3.5,1690.0,98103,965000.0
1714,3,1.0,1170.0,98133,825000.0
1715,4,2.0,2370.0,98125,1125000.0
1716,1,1.0,712.0,98121,620000.0
1717,2,1.0,976.0,98106,475000.0
1718,2,2.0,1042.0,98102,610000.0
1719,2,2.0,1040.0,98102,685000.0
1720,1,1.0,722.0,98112,452100.0
1721,2,2.0,1367.0,98121,1350000.0
1722,1,1.0,733.0,98102,490000.0
1723,2,1.0,970.0,98116,480000.0
1724,3,2.0,1711.0,98125,675500.0
1725,2,1.0,860.0,98125,675000.0
1726,1,1.0,712.0,98109,385000.0
1727,1,1.0,704.0,98144,569000.0
1728,3,2.5,1790.0,98106,590000.0
1729,3,2.0,2140.0,98115,918000.0
1730,4,3.0,2040.0,98103,940000.0
1731,3,2.0,1894.0,98144,697000.0
1732,4,2.5,2750.0,98112,1680000.0
1733,4,3.5,2900.0,98107,1600000.0
1734,2,1.0,670.0,98106,490000.0
1735,4,2.5,2190.0,98136,1075000.0
1736,4,1.5,1810.0,98133,764000.0
1737,3,3.0,1440.0,98144,1050000.0
1738,3,2.0,2170.0,98178,560000.0
1739,2,2.0,993.0,98103,709600.0
1740,3,3.5,1450.0,98115,835000.0
1741,4,3.5,2336.0,98115,975000.0
1742,4,3.0,2320.0,98112,1472500.0
1743,3,2.0,1470.0,98106,600000.0
1744,1,1.0,672.0,98107,485000.0
1745,3,1.5,990.0,98122,775000.0
1746,4,3.0,2110.0,98115,1180000.0
1747,3,1.0,1670.0,98136,731000.0
1748,3,2.0,2060.0,98126,756110.0
1749,3,1.0,1920.0,98146,456000.0
1750,3,2.5,2910.0,98109,1975000.0
1751,2,1.5,912.0,98103,819980.0
1752,1,1.0,645.0,98126,305000.0
1753,2,2.5,1160.0,98103,850000.0
1754,3,1.0,2280.0,98116,1005000.0
1755,3,2.5,1515.0,98102,905000.0
1756,3,2.5,2600.0,98146,875000.0
1757,3,2.0,1000.0,98122,710000.0
1758,2,1.0,672.0,98168,373000.0
1759,2,2.0,1320.0,98119,860000.0
1760,3,2.0,2190.0,98106,840000.0
1761,1,2.0,1517.0,98105,1350000.0
1762,4,2.0,2160.0,98122,1400000.0
1763,4,1.0,2290.0,98103,905000.0
1764,3,1.0,1920.0,98117,725000.0
1765,3,3.0,1540.0,98115,800000.0
1766,2,2.0,983.0,98102,542500.0
1767,2,1.5,1670.0,98117,1025000.0
1768,2,2.0,880.0,98103,614500.0
1769,2,2.0,1526.0,98109,825000.0
1770,1,1.0,569.0,98104,435000.0
1771,4,3.0,2700.0,98199,1100000.0
1772,2,2.5,2282.0,98168,475000.0
1773,7,3.5,4530.0,98103,2950000.0
1774,1,1.0,698.0,98121,399999.0
1775,3,2.0,1590.0,98117,880000.0
1776,2,1.0,770.0,98116,460000.0
1777,3,2.0,2840.0,98199,1400000.0
1778,6,3.0,2350.0,98118,850000.0
1779,1,1.0,630.0,98104,335000.0
1780,1,1.0,482.0,98109,220000.0
1781,4,3.5,4350.0,98136,2000000.0
1782,1,3.0,1730.0,98118,750000.0
1783,1,1.0,761.0,98109,400000.0
1784,3,2.0,1684.0,98117,870000.0
1785,3,2.5,2040.0,98136,1200000.0
1786,2,2.0,1057.0,98105,599900.0
1787,3,2.0,2256.0,98119,1370000.0
1788,4,2.0,1900.0,98118,670000.0
1789,2,1.0,760.0,98115,775000.0
1790,2,1.0,780.0,98146,395000.0
1791,4,3.0,3020.0,98106,1499000.0
1792,1,2.5,2220.0,98103,1200000.0
1793,2,2.0,877.0,98115,415000.0
1794,4,2.0,1530.0,98118,645000.0
1795,2,1.0,850.0,98118,580000.0
1796,3,2.5,1860.0,98136,1050000.0
1797,2,2.0,980.0,98118,849950.0
1798,3,2.0,1470.0,98107,933500.0
1799,2,1.0,980.0,98144,598000.0
1800,2,2.0,1003.0,98121,875000.0
1801,3,1.0,996.0,98125,560000.0
1802,1,1.0,980.0,98106,485000.0
1803,4,1.5,2380.0,98117,937000.0
1804,2,2.0,2470.0,98102,1525000.0
1805,4,4.0,2120.0,98136,900000.0
1806,2,2.5,840.0,98115,720000.0
1807,4,5.0,1910.0,98177,800000.0
1808,2,1.0,1380.0,98106,640000.0
1809,4,5.0,2390.0,98117,1500000.0
1810,4,3.0,2840.0,98122,1399990.0
1811,2,1.0,875.0,98115,355000.0
1812,3,2.5,1813.0,98116,1275000.0
1813,3,3.5,2996.0,98115,2050000.0
1814,5,3.5,5020.0,98126,1550000.0
1815,3,2.0,1498.0,98122,935000.0
1816,2,1.0,711.0,98107,485000.0
1817,4,3.0,2740.0,98115,1220000.0
1818,3,2.0,1328.0,98103,920000.0
1819,2,2.0,1332.0,98199,845000.0
1820,3,2.0,2020.0,98117,840000.0
1821,1,1.0,916.0,98121,652500.0
1822,2,2.0,1546.0,98108,669000.0
1823,4,3.0,2970.0,98118,720000.0
1824,3,3.5,1615.0,98133,796000.0
1825,2,2.0,1170.0,98144,625000.0
1826,3,2.0,1350.0,98136,722500.0
1827,2,2.0,1143.0,98107,689900.0
1828,3,2.5,1220.0,98109,900000.0
1829,4,1.5,2100.0,98199,875000.0
1830,4,1.5,3200.0,98117,1290000.0
1831,1,2.0,1137.0,98119,930000.0
1832,3,2.0,2930.0,98146,775000.0
1833,2,1.0,808.0,98115,422500.0
1834,4,4.0,2550.0,98117,1550000.0
1835,2,2.0,789.0,98107,475000.0
1836,3,3.0,2546.0,98109,1810000.0
1837,2,1.0,680.0,98146,565000.0
1838,2,1.5,1000.0,98117,640000.0
1839,3,2.0,1676.0,98115,840000.0
1840,2,1.0,985.0,98121,790000.0
1841,1,1.0,750.0,98116,725000.0
1842,1,1.0,843.0,98125,370000.0
1843,4,2.0,3220.0,98177,2000000.0
1844,2,2.0,2340.0,98105,1398000.0
1845,1,1.0,543.0,98109,390000.0
1846,5,3.0,4040.0,98105,1650000.0
1847,2,1.0,990.0,98108,455000.0
1848,4,4.0,2850.0,98105,1755000.0
1849,4,2.5,1620.0,98126,849950.0
1850,1,1.0,514.0,98122,345000.0
1851,2,1.0,1240.0,98116,656500.0
1852,3,2.5,1620.0,98112,935000.0
1853,3,3.0,1608.0,98126,625000.0
1854,4,1.0,1530.0,98117,740000.0
1855,4,2.0,2270.0,98119,1335000.0
1856,1,1.0,908.0,98107,475000.0
1857,2,1.0,1180.0,98122,677000.0
1858,1,1.0,672.0,98107,464000.0
1859,3,1.5,998.0,98117,610000.0
1860,4,2.0,2220.0,98144,740000.0
1861,1,1.0,700.0,98119,405000.0
1862,7,6.0,7636.0,98103,2225000.0
1863,4,5.5,3530.0,98118,1550000.0
1864,3,2.0,1620.0,98117,675000.0
1865,4,3.0,1620.0,98117,950000.0
1866,2,2.0,1138.0,98126,515000.0
1867,1,1.0,669.0,98121,385000.0
1868,4,3.5,2600.0,98108,1060000.0
1869,3,2.0,1960.0,98115,900000.0
1870,2,2.0,950.0,98106,395000.0
1871,2,2.0,1410.0,98112,880000.0
1872,2,1.5,1022.0,98144,729000.0
1873,4,2.0,2840.0,98126,1175000.0
1874,1,1.0,712.0,98116,500000.0
1875,5,2.0,1920.0,98118,739000.0
1876,3,3.5,3880.0,98199,2500000.0
1877,3,2.0,1010.0,98106,650000.0
1878,6,4.0,3300.0,98103,1237500.0
1879,3,1.0,1070.0,98178,580000.0
1880,3,1.0,1270.0,98117,1050000.0
1881,3,2.0,1413.0,98103,1099970.0
1882,3,2.5,1820.0,98115,1030000.0
1883,2,2.0,1415.0,98125,469000.0
1884,3,3.0,2212.0,98109,1470000.0
1885,3,3.5,3290.0,98126,1400000.0
1886,2,2.0,1391.0,98115,672500.0
1887,2,2.0,1372.0,98125,649950.0
1888,2,1.5,960.0,98199,515000.0
1889,3,2.5,1890.0,98144,699000.0
1890,4,3.0,2230.0,98115,1150000.0
1891,1,1.5,952.0,98101,750000.0
1892,2,1.0,925.0,98103,535000.0
1893,4,2.0,1820.0,98117,760000.0
1894,8,4.5,3600.0,98105,1500000.0
1895,2,2.5,1305.0,98116,770000.0
1896,3,2.0,1840.0,98117,959630.0
1897,1,1.0,782.0,98101,519990.0
1898,2,2.5,1040.0,98117,705000.0
1899,2,2.0,1050.0,98103,480000.0
1900,2,2.0,1019.0,98119,813000.0
1901,4,2.5,3198.0,98103,1712000.0
1902,1,1.0,557.0,98105,222000.0
1903,2,2.5,950.0,98107,675000.0
1904,3,1.0,1050.0,98117,835000.0
1905,1,1.0,533.0,98126,300000.0
1906,3,1.0,860.0,98178,425000.0
1907,4,3.0,1890.0,98144,699000.0
1908,2,2.5,1138.0,98126,515000.0
1909,4,2.0,1830.0,98146,535000.0
1910,2,1.0,1980.0,98144,699950.0
1911,3,5.5,1730.0,98105,850000.0
1912,3,3.0,2462.0,98117,915000.0
1913,3,3.5,1300.0,98106,583000.0
1914,4,2.0,1550.0,98103,1325000.0
1915,3,3.5,1679.0,98126,689000.0
1916,3,1.0,1220.0,98116,680000.0
1917,3,1.5,1540.0,98178,535000.0
1918,3,2.0,1520.0,98116,916500.0
1919,3,1.0,1320.0,98168,529000.0
1920,2,1.0,1290.0,98103,640000.0
1921,3,2.5,1870.0,98117,890000.0
1922,3,3.5,1762.0,98102,1000000.0
1923,3,1.0,1240.0,98118,531000.0
1924,3,1.5,1307.0,98125,650000.0
1925,2,2.0,1167.0,98107,650000.0
1926,2,1.5,1070.0,98103,849950.0
1927,2,1.0,1820.0,98125,1037300.0
1928,3,2.0,1790.0,98115,900000.0
1929,5,3.5,3700.0,98119,2050000.0
1930,4,3.5,3340.0,98144,2100000.0
1931,4,2.5,2250.0,98106,924900.0
1932,3,2.0,1799.0,98103,940000.0
1933,1,1.0,584.0,98199,411000.0
1934,5,2.5,4639.0,98112,3350000.0
1935,3,1.0,1810.0,98178,512000.0
1936,1,1.0,907.0,98119,585000.0
1937,3,2.0,2120.0,98117,1345000.0
1938,1,1.0,616.0,98101,399900.0
1939,6,6.0,1780.0,98168,733500.0
1940,4,2.0,2630.0,98115,1350000.0
1941,5,3.0,3060.0,98116,950000.0
1942,3,2.0,2700.0,98178,734000.0
1943,5,4.0,2030.0,98144,670000.0
1944,3,2.5,1620.0,98122,770000.0
1945,5,4.5,5704.0,98119,4000000.0
1946,2,1.0,700.0,98117,800000.0
1947,2,3.0,1260.0,98117,770000.0
1948,4,2.0,1770.0,98115,1425000.0
1949,4,2.5,1812.0,98136,825000.0
1950,1,1.0,648.0,98121,395000.0
1951,2,2.0,840.0,98144,725000.0
1952,3,2.0,2100.0,98136,845000.0
1953,5,3.0,2550.0,98125,1450000.0
1954,1,1.0,774.0,98146,265000.0
1955,2,2.5,1736.0,98122,970000.0
1956,3,2.5,2198.0,98144,1675000.0
1957,2,1.0,770.0,98125,620000.0
1958,2,2.0,1150.0,98107,725000.0
1959,3,2.0,2330.0,98103,1098000.0
1960,5,4.5,4693.0,98122,2650000.0
1961,3,3.0,1790.0,98125,755000.0
1962,4,3.5,2960.0,98103,1700000.0
1963,1,1.0,591.0,98119,434000.0
1964,2,2.0,1391.0,98109,860000.0
1965,3,2.0,1160.0,98178,566000.0
1966,1,1.0,720.0,98126,365000.0
1967,1,1.0,701.0,98115,325000.0
1968,4,2.0,2570.0,98103,1495000.0
1969,3,2.0,1611.0,98107,915000.0
1970,4,2.5,2474.0,98115,1725000.0
1971,3,2.0,1300.0,98144,778000.0
1972,2,2.5,840.0,98144,620000.0
1973,2,2.0,1100.0,98107,749000.0
1974,3,2.5,2730.0,98122,1199000.0
1975,2,2.0,1004.0,98125,325000.0
1976,3,3.0,1650.0,98103,950000.0
1977,3,3.0,1650.0,98103,974999.0
1978,4,1.0,1850.0,98118,600000.0
1979,5,3.5,4050.0,98119,2895000.0
1980,1,1.0,865.0,98112,712500.0
1981,2,2.0,1252.0,98121,1349000.0
1982,3,3.0,1790.0,98109,1325000.0
1983,5,3.0,2020.0,98119,899000.0
1984,3,1.5,1280.0,98144,750000.0
1985,4,2.0,1630.0,98116,942000.0
1986,3,3.5,1460.0,98117,740000.0
1987,3,2.0,1210.0,98103,875000.0
1988,4,2.0,2080.0,98116,1098000.0
1989,4,2.0,3542.0,98144,1150000.0
1990,3,1.5,2200.0,98117,860000.0
1991,1,1.0,603.0,98133,400000.0
1992,2,2.0,1456.0,98199,575000.0
1993,2,2.5,1169.0,98117,615000.0
1994,2,1.0,1770.0,98103,926000.0
1995,4,2.0,1641.0,98118,538800.0
1996,1,1.0,600.0,98122,310000.0
1997,2,1.5,860.0,98122,734950.0
1998,4,3.5,4990.0,98112,4815000.0
1999,3,2.0,1749.0,98125,699950.0
2000,3,4.0,1580.0,98144,825000.0
2001,3,2.5,2340.0,98177,1900000.0
2002,6,3.0,2440.0,98144,925000.0
2003,1,1.0,705.0,98103,490000.0
2004,2,2.0,1227.0,98115,715000.0
2005,5,4.0,2734.0,98115,1300000.0
2006,2,2.0,839.0,98125,385000.0
2007,3,1.0,1120.0,98178,708000.0
2008,3,2.0,1482.0,98117,919000.0
2009,3,3.5,1680.0,98126,675000.0
2010,2,2.0,1400.0,98199,699950.0
2011,3,2.0,1370.0,98112,910000.0
2012,1,1.0,889.0,98121,550000.0
2013,4,2.0,2140.0,98199,1150000.0
2014,2,2.0,795.0,98103,590000.0
2015,3,2.0,1710.0,98133,659000.0
